Workbook

Sheet TRECHOS_LONGOS
A1: ID da viagem (interno) | B1: Nome do viajante | C1: Setor do viajante | D1: Motivo da viagem | E1: Data da compra | F1: Data da viagem | G1: Diferença entre compra e ida (Dias) | H1: Meio de transporte | I1: Cidade origem | J1: Estado origem | K1: Nome do aeroporto ou rodoviária | L1: Cidade destino | M1: Estado destino | N1: Nome do aeroporto ou rodoviária | O1: Nome da empresa de transporte | P1: Quilometragem | Q1: Cumpriu política? | R1: Motivo do não-cumprimento | S1: Passagem foi cancelada? | T1: Valor da compra (R$) | U1: Valor da compra (Pontos) | V1: Taxas extras (R$) | W1: Valor Reembolso (R$) | X1: Valor Reembolso (Pontos) | Y1: Valor Final (R$) | Z1: Valor Final (Pontos)
A2: 1 | B2: Vania Beneveli | C2: PEDAGÓGICO | D2: FORMAÇÃO | E2: 46013 | F2: 46026 | G2: =if(OR(E2 = "", F2 = ""), "", datedif(E2,F2,"D")) -> 13 | H2: AÉREO | I2: Brasília | J2: DF | K2: BSB | L2: João Pessoa | M2: PB | N2: JPA | O2: LATAM | P2: 1720 | Q2: NÃO | S2: NÃO | T2: 2314.34 | U2: 0 | V2: 0 | W2: =if($S2 = "NÃO", 0, if(and(UPPER($O2) = "GOL", $S2 = "SIM"), $T2+$V2, if(and(UPPER($O2) = "LATAM", $S2 = "SIM"), $T2 + $V2, "----"))) -> 0 | X2: =if($S2 = "NÃO", 0, if(and(UPPER($O2) = "GOL", $S2 = "SIM"), 0.95*($U2), if(and(UPPER($O2) = "LATAM", $S2 = "SIM"), $U2, "----"))) -> 0 | Y2: =if($W2 = "----", "Valor do reembolso?", $T2-$W2+$V2) -> 2314.34 | Z2: =if($X2 = "----", "Valor do reembolso?", $U2-$X2) -> 0
A3: 1 | B3: Vania Beneveli | C3: PEDAGÓGICO | D3: FORMAÇÃO | E3: 46013 | F3: 46029 | G3: =if(OR(E3 = "", F3 = ""), "", datedif(E3,F3,"D")) -> 16 | H3: AÉREO | I3: João Pessoa | J3: PB | K3: JPA | L3: Brasília | M3: DF | N3: BSB | O3: LATAM | P3: 1720 | Q3: SIM | S3: NÃO | T3: 1675.38 | U3: 0 | V3: 0 | W3: =if($S3 = "NÃO", 0, if(and(UPPER($O3) = "GOL", $S3 = "SIM"), $T3+$V3, if(and(UPPER($O3) = "LATAM", $S3 = "SIM"), $T3 + $V3, "----"))) -> 0 | X3: =if($S3 = "NÃO", 0, if(and(UPPER($O3) = "GOL", $S3 = "SIM"), 0.95*($U3), if(and(UPPER($O3) = "LATAM", $S3 = "SIM"), $U3, "----"))) -> 0 | Y3: =if($W3 = "----", "Valor do reembolso?", $T3-$W3+$V3) -> 1675.38 | Z3: =if($X3 = "----", "Valor do reembolso?", $U3-$X3) -> 0
A4: 2 | B4: Simone Cortes | C4: PEDAGÓGICO | D4: FORMAÇÃO | E4: 46013 | F4: 46029 | G4: =if(OR(E4 = "", F4 = ""), "", datedif(E4,F4,"D")) -> 16 | H4: AÉREO | I4: Brasília | J4: DF | K4: BSB | L4: João Pessoa | M4: PB | N4: JPA | O4: LATAM | P4: 1720 | Q4: SIM | S4: NÃO | T4: 1752.77 | U4: 0 | V4: 0 | W4: =if($S4 = "NÃO", 0, if(and(UPPER($O4) = "GOL", $S4 = "SIM"), $T4+$V4, if(and(UPPER($O4) = "LATAM", $S4 = "SIM"), $T4 + $V4, "----"))) -> 0 | X4: =if($S4 = "NÃO", 0, if(and(UPPER($O4) = "GOL", $S4 = "SIM"), 0.95*($U4), if(and(UPPER($O4) = "LATAM", $S4 = "SIM"), $U4, "----"))) -> 0 | Y4: =if($W4 = "----", "Valor do reembolso?", $T4-$W4+$V4) -> 1752.77 | Z4: =if($X4 = "----", "Valor do reembolso?", $U4-$X4) -> 0
A5: 2 | B5: Simone Cortes | C5: PEDAGÓGICO | D5: FORMAÇÃO | E5: 46014 | F5: 46036 | G5: =if(OR(E5 = "", F5 = ""), "", datedif(E5,F5,"D")) -> 22 | H5: AÉREO | I5: João Pessoa | J5: PB | K5: JPA | L5: Brasília | M5: DF | N5: BSB | O5: GOL | P5: 1720 | Q5: SIM | S5: NÃO | T5: 1403.99 | U5: 0 | V5: 0 | W5: =if($S5 = "NÃO", 0, if(and(UPPER($O5) = "GOL", $S5 = "SIM"), $T5+$V5, if(and(UPPER($O5) = "LATAM", $S5 = "SIM"), $T5 + $V5, "----"))) -> 0 | X5: =if($S5 = "NÃO", 0, if(and(UPPER($O5) = "GOL", $S5 = "SIM"), 0.95*($U5), if(and(UPPER($O5) = "LATAM", $S5 = "SIM"), $U5, "----"))) -> 0 | Y5: =if($W5 = "----", "Valor do reembolso?", $T5-$W5+$V5) -> 1403.99 | Z5: =if($X5 = "----", "Valor do reembolso?", $U5-$X5) -> 0
A6: 3 | B6: Alexandre Carvalho | C6: PEDAGÓGICO | D6: FORMAÇÃO | E6: 46013 | F6: 46031 | G6: =if(OR(E6 = "", F6 = ""), "", datedif(E6,F6,"D")) -> 18 | H6: AÉREO | I6: Brasília | J6: DF | K6: BSB | L6: João Pessoa | M6: PB | N6: JPA | O6: LATAM | P6: 1720 | Q6: SIM | S6: NÃO | T6: 1752.77 | U6: 0 | V6: 0 | W6: =if($S6 = "NÃO", 0, if(and(UPPER($O6) = "GOL", $S6 = "SIM"), $T6+$V6, if(and(UPPER($O6) = "LATAM", $S6 = "SIM"), $T6 + $V6, "----"))) -> 0 | X6: =if($S6 = "NÃO", 0, if(and(UPPER($O6) = "GOL", $S6 = "SIM"), 0.95*($U6), if(and(UPPER($O6) = "LATAM", $S6 = "SIM"), $U6, "----"))) -> 0 | Y6: =if($W6 = "----", "Valor do reembolso?", $T6-$W6+$V6) -> 1752.77 | Z6: =if($X6 = "----", "Valor do reembolso?", $U6-$X6) -> 0
A7: 3 | B7: Alexandre Carvalho | C7: PEDAGÓGICO | D7: FORMAÇÃO | E7: 46014 | F7: 46036 | G7: =if(OR(E7 = "", F7 = ""), "", datedif(E7,F7,"D")) -> 22 | H7: AÉREO | I7: João Pessoa | J7: PB | K7: JPA | L7: Brasília | M7: PB | N7: JPA | O7: GOL | P7: 1720 | Q7: SIM | S7: NÃO | T7: 1403.99 | U7: 0 | V7: 0 | W7: =if($S7 = "NÃO", 0, if(and(UPPER($O7) = "GOL", $S7 = "SIM"), $T7+$V7, if(and(UPPER($O7) = "LATAM", $S7 = "SIM"), $T7 + $V7, "----"))) -> 0 | X7: =if($S7 = "NÃO", 0, if(and(UPPER($O7) = "GOL", $S7 = "SIM"), 0.95*($U7), if(and(UPPER($O7) = "LATAM", $S7 = "SIM"), $U7, "----"))) -> 0 | Y7: =if($W7 = "----", "Valor do reembolso?", $T7-$W7+$V7) -> 1403.99 | Z7: =if($X7 = "----", "Valor do reembolso?", $U7-$X7) -> 0
A8: 4 | B8: Heraclio Felipe | C8: DIREÇÃO GERAL | D8: RELACIONAMENTO INSTITUCIONAL | E8: 46031 | F8: 46033 | G8: =if(OR(E8 = "", F8 = ""), "", datedif(E8,F8,"D")) -> 2 | H8: AÉREO | I8: João Pessoa | J8: PB | K8: JPA | L8: Belo Horizonte | M8: MG | N8: CNF | O8: AZUL | P8: 1755 | Q8: NÃO | R8: Compra de urgência | S8: NÃO | T8: 4143.97 | U8: 0 | V8: 0 | W8: =if($S8 = "NÃO", 0, if(and(UPPER($O8) = "GOL", $S8 = "SIM"), $T8+$V8, if(and(UPPER($O8) = "LATAM", $S8 = "SIM"), $T8 + $V8, "----"))) -> 0 | X8: =if($S8 = "NÃO", 0, if(and(UPPER($O8) = "GOL", $S8 = "SIM"), 0.95*($U8), if(and(UPPER($O8) = "LATAM", $S8 = "SIM"), $U8, "----"))) -> 0 | Y8: =if($W8 = "----", "Valor do reembolso?", $T8-$W8+$V8) -> 4143.97 | Z8: =if($X8 = "----", "Valor do reembolso?", $U8-$X8) -> 0
A9: 4 | B9: Diego Regal | C9: OPERAÇÕES | D9: RELACIONAMENTO INSTITUCIONAL | E9: 46032 | F9: 46033 | G9: =if(OR(E9 = "", F9 = ""), "", datedif(E9,F9,"D")) -> 1 | H9: AÉREO | I9: João Pessoa | J9: PB | K9: JPA | L9: Belo Horizonte | M9: MG | N9: CNF | O9: LATAM | P9: 1755 | Q9: NÃO | R9: Compra de urgência | S9: NÃO | T9: 3337.99 | U9: 0 | V9: 0 | W9: =if($S9 = "NÃO", 0, if(and(UPPER($O9) = "GOL", $S9 = "SIM"), $T9+$V9, if(and(UPPER($O9) = "LATAM", $S9 = "SIM"), $T9 + $V9, "----"))) -> 0 | X9: =if($S9 = "NÃO", 0, if(and(UPPER($O9) = "GOL", $S9 = "SIM"), 0.95*($U9), if(and(UPPER($O9) = "LATAM", $S9 = "SIM"), $U9, "----"))) -> 0 | Y9: =if($W9 = "----", "Valor do reembolso?", $T9-$W9+$V9) -> 3337.99 | Z9: =if($X9 = "----", "Valor do reembolso?", $U9-$X9) -> 0
A10: 4 | B10: Heraclio Felipe | C10: DIREÇÃO GERAL | D10: RELACIONAMENTO INSTITUCIONAL | E10: 46035 | F10: 46035 | G10: =if(OR(E10 = "", F10 = ""), "", datedif(E10,F10,"D")) -> 0 | H10: AÉREO | I10: Belo Horizonte | J10: MG | K10: CNF | L10: João Pessoa | M10: PB | N10: JPA | O10: LATAM | P10: 1755 | Q10: NÃO | R10: Compra de urgência | S10: NÃO | T10: 3437.43 | U10: 0 | V10: 0 | W10: =if($S10 = "NÃO", 0, if(and(UPPER($O10) = "GOL", $S10 = "SIM"), $T10+$V10, if(and(UPPER($O10) = "LATAM", $S10 = "SIM"), $T10 + $V10, "----"))) -> 0 | X10: =if($S10 = "NÃO", 0, if(and(UPPER($O10) = "GOL", $S10 = "SIM"), 0.95*($U10), if(and(UPPER($O10) = "LATAM", $S10 = "SIM"), $U10, "----"))) -> 0 | Y10: =if($W10 = "----", "Valor do reembolso?", $T10-$W10+$V10) -> 3437.43 | Z10: =if($X10 = "----", "Valor do reembolso?", $U10-$X10) -> 0
A11: 4 | B11: Diego Regal | C11: OPERAÇÕES | D11: RELACIONAMENTO INSTITUCIONAL | E11: 46035 | F11: 46035 | G11: =if(OR(E11 = "", F11 = ""), "", datedif(E11,F11,"D")) -> 0 | H11: AÉREO | I11: Belo Horizonte | J11: MG | K11: CNF | L11: João Pessoa | M11: PB | N11: JPA | O11: LATAM | P11: 1755 | Q11: NÃO | R11: Compra de urgência | S11: NÃO | T11: 3437.43 | U11: 0 | V11: 0 | W11: =if($S11 = "NÃO", 0, if(and(UPPER($O11) = "GOL", $S11 = "SIM"), $T11+$V11, if(and(UPPER($O11) = "LATAM", $S11 = "SIM"), $T11 + $V11, "----"))) -> 0 | X11: =if($S11 = "NÃO", 0, if(and(UPPER($O11) = "GOL", $S11 = "SIM"), 0.95*($U11), if(and(UPPER($O11) = "LATAM", $S11 = "SIM"), $U11, "----"))) -> 0 | Y11: =if($W11 = "----", "Valor do reembolso?", $T11-$W11+$V11) -> 3437.43 | Z11: =if($X11 = "----", "Valor do reembolso?", $U11-$X11) -> 0
A12: 5 | B12: Helber Vieira | C12: INSTITUCIONAL | D12: RELACIONAMENTO INSTITUCIONAL | E12: 46033 | F12: 46036 | G12: =if(OR(E12 = "", F12 = ""), "", datedif(E12,F12,"D")) -> 3 | H12: AÉREO | I12: Brasília | J12: DF | K12: BSB | L12: Cuiabá | M12: MT | N12: CGB | O12: LATAM | P12: 880 | Q12: NÃO | R12: Compra de urgência | S12: NÃO | T12: 2610.77 | U12: 0 | V12: 0 | W12: =if($S12 = "NÃO", 0, if(and(UPPER($O12) = "GOL", $S12 = "SIM"), $T12+$V12, if(and(UPPER($O12) = "LATAM", $S12 = "SIM"), $T12 + $V12, "----"))) -> 0 | X12: 0 | Y12: =if($W12 = "----", "Valor do reembolso?", $T12-$W12+$V12) -> 2610.77 | Z12: =if($X12 = "----", "Valor do reembolso?", $U12-$X12) -> 0
A13: 6 | B13: Helber Vieira | C13: INSTITUCIONAL | D13: RELACIONAMENTO INSTITUCIONAL | E13: 46033 | F13: 46037 | G13: =if(OR(E13 = "", F13 = ""), "", datedif(E13,F13,"D")) -> 4 | H13: AÉREO | I13: Cuiabá | J13: MT | K13: CGB | L13: Florianópolis | M13: SC | N13: FLN | O13: LATAM | P13: 1540 | Q13: NÃO | R13: Compra de urgência | S13: NÃO | T13: 1672.65 | U13: 0 | V13: 0 | W13: =if($S13 = "NÃO", 0, if(and(UPPER($O13) = "GOL", $S13 = "SIM"), $T13+$V13, if(and(UPPER($O13) = "LATAM", $S13 = "SIM"), $T13 + $V13, "----"))) -> 0 | X13: 0 | Y13: =if($W13 = "----", "Valor do reembolso?", $T13-$W13+$V13) -> 1672.65 | Z13: 0
A14: 6 | B14: Erik Anderson | C14: PEDAGÓGICO | D14: RELACIONAMENTO INSTITUCIONAL | E14: 46033 | F14: 46037 | G14: =if(OR(E14 = "", F14 = ""), "", datedif(E14,F14,"D")) -> 4 | H14: AÉREO | I14: João Pessoa | J14: PB | K14: JPA | L14: Florianópolis | M14: SC | N14: FLN | O14: LATAM | P14: 2695 | Q14: NÃO | R14: Compra de urgência | S14: NÃO | T14: 2522.92 | U14: 0 | V14: 0 | W14: =if($S14 = "NÃO", 0, if(and(UPPER($O14) = "GOL", $S14 = "SIM"), $T14+$V14, if(and(UPPER($O14) = "LATAM", $S14 = "SIM"), $T14 + $V14, "----"))) -> 0 | X14: =if($S14 = "NÃO", 0, if(and(UPPER($O14) = "GOL", $S14 = "SIM"), 0.95*($U14), if(and(UPPER($O14) = "LATAM", $S14 = "SIM"), $U14, "----"))) -> 0 | Y14: =if($W14 = "----", "Valor do reembolso?", $T14-$W14+$V14) -> 2522.92 | Z14: =if($X14 = "----", "Valor do reembolso?", $U14-$X14) -> 0
A15: 6 | B15: Erik Anderson | C15: PEDAGÓGICO | D15: RELACIONAMENTO INSTITUCIONAL | E15: 46033 | F15: 46037 | G15: =if(OR(E15 = "", F15 = ""), "", datedif(E15,F15,"D")) -> 4 | H15: AÉREO | I15: Florianópolis | J15: SC | K15: FLN | L15: João Pessoa | M15: PB | N15: JPA | O15: LATAM | P15: 2695 | Q15: NÃO | R15: Compra de urgência | S15: NÃO | T15: 2522.92 | U15: 0 | V15: 0 | W15: =if($S15 = "NÃO", 0, if(and(UPPER($O15) = "GOL", $S15 = "SIM"), $T15+$V15, if(and(UPPER($O15) = "LATAM", $S15 = "SIM"), $T15 + $V15, "----"))) -> 0 | X15: =if($S15 = "NÃO", 0, if(and(UPPER($O15) = "GOL", $S15 = "SIM"), 0.95*($U15), if(and(UPPER($O15) = "LATAM", $S15 = "SIM"), $U15, "----"))) -> 0 | Y15: =if($W15 = "----", "Valor do reembolso?", $T15-$W15+$V15) -> 2522.92 | Z15: =if($X15 = "----", "Valor do reembolso?", $U15-$X15) -> 0
A16: 6 | B16: Diego Regal | C16: OPERAÇÕES | D16: RELACIONAMENTO INSTITUCIONAL | E16: 46033 | F16: 46037 | G16: =if(OR(E16 = "", F16 = ""), "", datedif(E16,F16,"D")) -> 4 | H16: AÉREO | I16: João Pessoa | J16: PB | K16: JPA | L16: Florianópolis | M16: SC | N16: FLN | O16: LATAM | P16: 2695 | Q16: NÃO | R16: Compra de urgência | S16: NÃO | T16: 2522.92 | U16: 0 | V16: 0 | W16: =if($S16 = "NÃO", 0, if(and(UPPER($O16) = "GOL", $S16 = "SIM"), $T16+$V16, if(and(UPPER($O16) = "LATAM", $S16 = "SIM"), $T16 + $V16, "----"))) -> 0 | X16: =if($S16 = "NÃO", 0, if(and(UPPER($O16) = "GOL", $S16 = "SIM"), 0.95*($U16), if(and(UPPER($O16) = "LATAM", $S16 = "SIM"), $U16, "----"))) -> 0 | Y16: =if($W16 = "----", "Valor do reembolso?", $T16-$W16+$V16) -> 2522.92 | Z16: =if($X16 = "----", "Valor do reembolso?", $U16-$X16) -> 0
A17: 6 | B17: Diego Regal | C17: OPERAÇÕES | D17: RELACIONAMENTO INSTITUCIONAL | E17: 46033 | F17: 46037 | G17: =if(OR(E17 = "", F17 = ""), "", datedif(E17,F17,"D")) -> 4 | H17: AÉREO | I17: Florianópolis | J17: SC | K17: FLN | L17: João Pessoa | M17: PB | N17: JPA | O17: LATAM | P17: 2695 | Q17: NÃO | R17: Compra de urgência | S17: NÃO | T17: 2522.92 | U17: 0 | V17: 0 | W17: =if($S17 = "NÃO", 0, if(and(UPPER($O17) = "GOL", $S17 = "SIM"), $T17+$V17, if(and(UPPER($O17) = "LATAM", $S17 = "SIM"), $T17 + $V17, "----"))) -> 0 | X17: =if($S17 = "NÃO", 0, if(and(UPPER($O17) = "GOL", $S17 = "SIM"), 0.95*($U17), if(and(UPPER($O17) = "LATAM", $S17 = "SIM"), $U17, "----"))) -> 0 | Y17: =if($W17 = "----", "Valor do reembolso?", $T17-$W17+$V17) -> 2522.92 | Z17: =if($X17 = "----", "Valor do reembolso?", $U17-$X17) -> 0
A18: 6 | B18: Helber Vieira | C18: INSTITUCIONAL | D18: RELACIONAMENTO INSTITUCIONAL | E18: 46033 | F18: 46038 | G18: =if(OR(E18 = "", F18 = ""), "", datedif(E18,F18,"D")) -> 5 | H18: AÉREO | I18: Florianópolis | J18: SC | K18: FLN | L18: Brasília | M18: DF | N18: BSB | O18: GOL | P18: 1320 | Q18: NÃO | R18: Compra de urgência | S18: NÃO | T18: 1043.46 | U18: 0 | V18: 0 | W18: =if($S18 = "NÃO", 0, if(and(UPPER($O18) = "GOL", $S18 = "SIM"), $T18+$V18, if(and(UPPER($O18) = "LATAM", $S18 = "SIM"), $T18 + $V18, "----"))) -> 0 | X18: =if($S18 = "NÃO", 0, if(and(UPPER($O18) = "GOL", $S18 = "SIM"), 0.95*($U18), if(and(UPPER($O18) = "LATAM", $S18 = "SIM"), $U18, "----"))) -> 0 | Y18: =if($W18 = "----", "Valor do reembolso?", $T18-$W18+$V18) -> 1043.46 | Z18: =if($X18 = "----", "Valor do reembolso?", $U18-$X18) -> 0
A19: 7 | B19: Heraclio Felipe | C19: DIREÇÃO GERAL | D19: RELACIONAMENTO INSTITUCIONAL | E19: 46041 | F19: 46041 | G19: =if(OR(E19 = "", F19 = ""), "", datedif(E19,F19,"D")) -> 0 | H19: AÉREO | I19: João Pessoa | J19: PB | K19: JPA | L19: Belo Horizonte | M19: MG | N19: CNF | O19: AZUL | P19: 1620 | Q19: NÃO | R19: Compra de urgência | S19: NÃO | T19: 3165.68 | U19: 0 | V19: 0 | W19: =if($S19 = "NÃO", 0, if(and(UPPER($O19) = "GOL", $S19 = "SIM"), $T19+$V19, if(and(UPPER($O19) = "LATAM", $S19 = "SIM"), $T19 + $V19, "----"))) -> 0 | X19: =if($S19 = "NÃO", 0, if(and(UPPER($O19) = "GOL", $S19 = "SIM"), 0.95*($U19), if(and(UPPER($O19) = "LATAM", $S19 = "SIM"), $U19, "----"))) -> 0 | Y19: =if($W19 = "----", "Valor do reembolso?", $T19-$W19+$V19) -> 3165.68 | Z19: =if($X19 = "----", "Valor do reembolso?", $U19-$X19) -> 0
A20: 7 | B20: Heraclio Felipe | C20: DIREÇÃO GERAL | D20: RELACIONAMENTO INSTITUCIONAL | E20: 46041 | F20: 46041 | G20: =if(OR(E20 = "", F20 = ""), "", datedif(E20,F20,"D")) -> 0 | H20: AÉREO | I20: Belo Horizonte | J20: MG | K20: CNF | L20: João Pessoa | M20: PB | N20: JPA | O20: AZUL | P20: 1620 | Q20: NÃO | R20: Compra de urgência | S20: NÃO | T20: 3111.68 | U20: 0 | V20: 0 | W20: =if($S20 = "NÃO", 0, if(and(UPPER($O20) = "GOL", $S20 = "SIM"), $T20+$V20, if(and(UPPER($O20) = "LATAM", $S20 = "SIM"), $T20 + $V20, "----"))) -> 0 | X20: =if($S20 = "NÃO", 0, if(and(UPPER($O20) = "GOL", $S20 = "SIM"), 0.95*($U20), if(and(UPPER($O20) = "LATAM", $S20 = "SIM"), $U20, "----"))) -> 0 | Y20: =if($W20 = "----", "Valor do reembolso?", $T20-$W20+$V20) -> 3111.68 | Z20: =if($X20 = "----", "Valor do reembolso?", $U20-$X20) -> 0
A21: 8 | B21: Helber Vieira | C21: INSTITUCIONAL | D21: RELACIONAMENTO INSTITUCIONAL | E21: 46041 | F21: 46046 | G21: =if(OR(E21 = "", F21 = ""), "", datedif(E21,F21,"D")) -> 5 | H21: AÉREO | I21: João Pessoa | J21: DF | K21: BSB | L21: João Pessoa | M21: PB | N21: JPA | O21: GOL | P21: 1720 | Q21: NÃO | R21: Compra de urgência | S21: NÃO | T21: 1467.99 | U21: 0 | V21: 0 | W21: =if($S21 = "NÃO", 0, if(and(UPPER($O21) = "GOL", $S21 = "SIM"), $T21+$V21, if(and(UPPER($O21) = "LATAM", $S21 = "SIM"), $T21 + $V21, "----"))) -> 0 | X21: 0 | Y21: =if($W21 = "----", "Valor do reembolso?", $T21-$W21+$V21) -> 1467.99 | Z21: =if($X21 = "----", "Valor do reembolso?", $U21-$X21) -> 0
A22: 9 | B22: Heraclio Felipe | C22: DIREÇÃO GERAL | D22: PROSPECÇÃO | E22: 46050 | F22: 46051 | G22: =if(OR(E22 = "", F22 = ""), "", datedif(E22,F22,"D")) -> 1 | H22: AÉREO | I22: Recife | J22: PE | K22: REC | L22: São Paulo | M22: SP | N22: CGN | O22: LATAM | P22: 2120 | Q22: NÃO | R22: Compra de urgência | S22: NÃO | T22: 3659.64 | U22: 0 | V22: 0 | W22: =if($S22 = "NÃO", 0, if(and(UPPER($O22) = "GOL", $S22 = "SIM"), $T22+$V22, if(and(UPPER($O22) = "LATAM", $S22 = "SIM"), $T22 + $V22, "----"))) -> 0 | X22: =if($S22 = "NÃO", 0, if(and(UPPER($O22) = "GOL", $S22 = "SIM"), 0.95*($U22), if(and(UPPER($O22) = "LATAM", $S22 = "SIM"), $U22, "----"))) -> 0 | Y22: =if($W22 = "----", "Valor do reembolso?", $T22-$W22+$V22) -> 3659.64 | Z22: =if($X22 = "----", "Valor do reembolso?", $U22-$X22) -> 0
A23: 9 | B23: Diego Regal | C23: OPERAÇÕES | D23: PROSPECÇÃO | E23: 46050 | F23: 46051 | G23: =if(OR(E23 = "", F23 = ""), "", datedif(E23,F23,"D")) -> 1 | H23: AÉREO | I23: Recife | J23: PE | K23: REC | L23: São Paulo | M23: SP | N23: CGN | O23: LATAM | P23: 2120 | Q23: NÃO | R23: Compra de urgência | S23: NÃO | T23: 3659.64 | U23: 0 | V23: 0 | W23: =if($S23 = "NÃO", 0, if(and(UPPER($O23) = "GOL", $S23 = "SIM"), $T23+$V23, if(and(UPPER($O23) = "LATAM", $S23 = "SIM"), $T23 + $V23, "----"))) -> 0 | X23: =if($S23 = "NÃO", 0, if(and(UPPER($O23) = "GOL", $S23 = "SIM"), 0.95*($U23), if(and(UPPER($O23) = "LATAM", $S23 = "SIM"), $U23, "----"))) -> 0 | Y23: =if($W23 = "----", "Valor do reembolso?", $T23-$W23+$V23) -> 3659.64 | Z23: =if($X23 = "----", "Valor do reembolso?", $U23-$X23) -> 0
A24: 10 | B24: Helber Vieira | C24: INSTITUCIONAL | D24: RELACIONAMENTO INSTITUCIONAL | E24: 46071 | F24: 46072 | G24: =if(OR(E24 = "", F24 = ""), "", datedif(E24,F24,"D")) -> 1 | H24: AÉREO | I24: Brasília | J24: DF | K24: BSB | L24: Florianópolis | M24: SC | N24: FLN | O24: GOL | P24: 1320 | Q24: NÃO | R24: Compra de urgência | S24: NÃO | T24: 2569.14 | U24: 0 | V24: 0 | W24: =if($S24 = "NÃO", 0, if(and(UPPER($O24) = "GOL", $S24 = "SIM"), $T24+$V24, if(and(UPPER($O24) = "LATAM", $S24 = "SIM"), $T24 + $V24, "----"))) -> 0 | X24: =if($S24 = "NÃO", 0, if(and(UPPER($O24) = "GOL", $S24 = "SIM"), 0.95*($U24), if(and(UPPER($O24) = "LATAM", $S24 = "SIM"), $U24, "----"))) -> 0 | Y24: =if($W24 = "----", "Valor do reembolso?", $T24-$W24+$V24) -> 2569.14 | Z24: =if($X24 = "----", "Valor do reembolso?", $U24-$X24) -> 0
A25: 10 | B25: Helber Vieira | C25: INSTITUCIONAL | D25: RELACIONAMENTO INSTITUCIONAL | E25: 46071 | F25: 46073 | G25: =if(OR(E25 = "", F25 = ""), "", datedif(E25,F25,"D")) -> 2 | H25: AÉREO | I25: Florianópolis | J25: SC | K25: FLN | L25: Brasília | M25: DF | N25: BSB | O25: LATAM | P25: 1320 | Q25: NÃO | R25: Compra de urgência | S25: NÃO | T25: 1765.86 | U25: 0 | V25: 0 | W25: =if($S25 = "NÃO", 0, if(and(UPPER($O25) = "GOL", $S25 = "SIM"), $T25+$V25, if(and(UPPER($O25) = "LATAM", $S25 = "SIM"), $T25 + $V25, "----"))) -> 0 | X25: =if($S25 = "NÃO", 0, if(and(UPPER($O25) = "GOL", $S25 = "SIM"), 0.95*($U25), if(and(UPPER($O25) = "LATAM", $S25 = "SIM"), $U25, "----"))) -> 0 | Y25: =if($W25 = "----", "Valor do reembolso?", $T25-$W25+$V25) -> 1765.86 | Z25: =if($X25 = "----", "Valor do reembolso?", $U25-$X25) -> 0
A26: 10 | B26: Heraclio Felipe | C26: DIREÇÃO GERAL | D26: RELACIONAMENTO INSTITUCIONAL | E26: 46072 | F26: 46072 | G26: =if(OR(E26 = "", F26 = ""), "", datedif(E26,F26,"D")) -> 0 | H26: AÉREO | I26: João Pessoa | J26: PB | K26: JPA | L26: Florianópolis | M26: SC | N26: FLN | O26: LATAM | P26: 2695 | Q26: NÃO | R26: Compra de urgência | S26: NÃO | T26: 3653.09 | U26: 0 | V26: 0 | W26: =if($S26 = "NÃO", 0, if(and(UPPER($O26) = "GOL", $S26 = "SIM"), $T26+$V26, if(and(UPPER($O26) = "LATAM", $S26 = "SIM"), $T26 + $V26, "----"))) -> 0 | X26: =if($S26 = "NÃO", 0, if(and(UPPER($O26) = "GOL", $S26 = "SIM"), 0.95*($U26), if(and(UPPER($O26) = "LATAM", $S26 = "SIM"), $U26, "----"))) -> 0 | Y26: =if($W26 = "----", "Valor do reembolso?", $T26-$W26+$V26) -> 3653.09 | Z26: =if($X26 = "----", "Valor do reembolso?", $U26-$X26) -> 0
A27: 10 | B27: Heraclio Felipe | C27: DIREÇÃO GERAL | D27: RELACIONAMENTO INSTITUCIONAL | E27: 46072 | F27: 46073 | G27: =if(OR(E27 = "", F27 = ""), "", datedif(E27,F27,"D")) -> 1 | H27: AÉREO | I27: Florianópolis | J27: SC | K27: FLN | L27: João Pessoa | M27: PB | N27: JPA | O27: LATAM | P27: 2695 | Q27: NÃO | R27: Compra de urgência | S27: NÃO | T27: 2000.86 | U27: 0 | V27: 0 | W27: =if($S27 = "NÃO", 0, if(and(UPPER($O27) = "GOL", $S27 = "SIM"), $T27+$V27, if(and(UPPER($O27) = "LATAM", $S27 = "SIM"), $T27 + $V27, "----"))) -> 0 | X27: =if($S27 = "NÃO", 0, if(and(UPPER($O27) = "GOL", $S27 = "SIM"), 0.95*($U27), if(and(UPPER($O27) = "LATAM", $S27 = "SIM"), $U27, "----"))) -> 0 | Y27: =if($W27 = "----", "Valor do reembolso?", $T27-$W27+$V27) -> 2000.86 | Z27: =if($X27 = "----", "Valor do reembolso?", $U27-$X27) -> 0
A28: 11 | B28: Heraclio Felipe | C28: DIREÇÃO GERAL | D28: RELACIONAMENTO INSTITUCIONAL | E28: 46072 | F28: 46076 | G28: =if(OR(E28 = "", F28 = ""), "", datedif(E28,F28,"D")) -> 4 | H28: AÉREO | I28: João Pessoa | J28: PB | K28: JPA | L28: Rio de Janeiro | M28: RJ | N28: GIG | O28: LATAM | P28: 1970 | Q28: NÃO | R28: Compra de urgência | S28: NÃO | T28: 3187.99 | U28: 0 | V28: 0 | W28: =if($S28 = "NÃO", 0, if(and(UPPER($O28) = "GOL", $S28 = "SIM"), $T28+$V28, if(and(UPPER($O28) = "LATAM", $S28 = "SIM"), $T28 + $V28, "----"))) -> 0 | X28: =if($S28 = "NÃO", 0, if(and(UPPER($O28) = "GOL", $S28 = "SIM"), 0.95*($U28), if(and(UPPER($O28) = "LATAM", $S28 = "SIM"), $U28, "----"))) -> 0 | Y28: =if($W28 = "----", "Valor do reembolso?", $T28-$W28+$V28) -> 3187.99 | Z28: =if($X28 = "----", "Valor do reembolso?", $U28-$X28) -> 0
A29: 11 | B29: Helber Vieira | C29: INSTITUCIONAL | D29: RELACIONAMENTO INSTITUCIONAL | E29: 46074 | F29: 46076 | G29: =if(OR(E29 = "", F29 = ""), "", datedif(E29,F29,"D")) -> 2 | H29: AÉREO | I29: Brasília | J29: DF | K29: BSB | L29: Rio de Janeiro | M29: RJ | N29: GIG | O29: LATAM | P29: 930 | Q29: NÃO | R29: Compra de urgência | S29: NÃO | T29: 1916.77 | U29: 0 | V29: 0 | W29: =if($S29 = "NÃO", 0, if(and(UPPER($O29) = "GOL", $S29 = "SIM"), $T29+$V29, if(and(UPPER($O29) = "LATAM", $S29 = "SIM"), $T29 + $V29, "----"))) -> 0 | X29: =if($S29 = "NÃO", 0, if(and(UPPER($O29) = "GOL", $S29 = "SIM"), 0.95*($U29), if(and(UPPER($O29) = "LATAM", $S29 = "SIM"), $U29, "----"))) -> 0 | Y29: =if($W29 = "----", "Valor do reembolso?", $T29-$W29+$V29) -> 1916.77 | Z29: =if($X29 = "----", "Valor do reembolso?", $U29-$X29) -> 0
A30: 11 | B30: Heraclio Felipe | C30: DIREÇÃO GERAL | D30: RELACIONAMENTO INSTITUCIONAL | E30: 46076 | F30: 46076 | G30: =if(OR(E30 = "", F30 = ""), "", datedif(E30,F30,"D")) -> 0 | H30: AÉREO | I30: Rio de Janeiro | J30: RJ | K30: GIG | L30: Brasília | M30: DF | N30: BSB | O30: LATAM | P30: 930 | Q30: NÃO | R30: Compra de urgência | S30: NÃO | T30: 1607.01 | U30: 0 | V30: 0 | W30: =if($S30 = "NÃO", 0, if(and(UPPER($O30) = "GOL", $S30 = "SIM"), $T30+$V30, if(and(UPPER($O30) = "LATAM", $S30 = "SIM"), $T30 + $V30, "----"))) -> 0 | X30: =if($S30 = "NÃO", 0, if(and(UPPER($O30) = "GOL", $S30 = "SIM"), 0.95*($U30), if(and(UPPER($O30) = "LATAM", $S30 = "SIM"), $U30, "----"))) -> 0 | Y30: =if($W30 = "----", "Valor do reembolso?", $T30-$W30+$V30) -> 1607.01 | Z30: =if($X30 = "----", "Valor do reembolso?", $U30-$X30) -> 0
A31: 11 | B31: Helber Vieira | C31: INSTITUCIONAL | D31: RELACIONAMENTO INSTITUCIONAL | E31: 46076 | F31: 46076 | G31: =if(OR(E31 = "", F31 = ""), "", datedif(E31,F31,"D")) -> 0 | H31: AÉREO | I31: Rio de Janeiro | J31: RJ | K31: GIG | L31: Brasília | M31: DF | N31: BSB | O31: LATAM | P31: 930 | Q31: NÃO | R31: Compra de urgência | S31: NÃO | T31: 1607.01 | U31: 0 | V31: 0 | W31: =if($S31 = "NÃO", 0, if(and(UPPER($O31) = "GOL", $S31 = "SIM"), $T31+$V31, if(and(UPPER($O31) = "LATAM", $S31 = "SIM"), $T31 + $V31, "----"))) -> 0 | X31: =if($S31 = "NÃO", 0, if(and(UPPER($O31) = "GOL", $S31 = "SIM"), 0.95*($U31), if(and(UPPER($O31) = "LATAM", $S31 = "SIM"), $U31, "----"))) -> 0 | Y31: =if($W31 = "----", "Valor do reembolso?", $T31-$W31+$V31) -> 1607.01 | Z31: =if($X31 = "----", "Valor do reembolso?", $U31-$X31) -> 0
A32: 11 | B32: Heraclio Felipe | C32: DIREÇÃO GERAL | D32: RELACIONAMENTO INSTITUCIONAL | E32: 46076 | F32: 46078 | G32: =if(OR(E32 = "", F32 = ""), "", datedif(E32,F32,"D")) -> 2 | H32: AÉREO | I32: Brasília | J32: DF | K32: BSB | L32: João Pessoa | M32: PB | N32: JPA | O32: LATAM | P32: 1700 | Q32: NÃO | R32: Compra de urgência | S32: NÃO | U32: 0 | V32: 0 | W32: =if($S32 = "NÃO", 0, if(and(UPPER($O32) = "GOL", $S32 = "SIM"), $T32+$V32, if(and(UPPER($O32) = "LATAM", $S32 = "SIM"), $T32 + $V32, "----"))) -> 0 | X32: =if($S32 = "NÃO", 0, if(and(UPPER($O32) = "GOL", $S32 = "SIM"), 0.95*($U32), if(and(UPPER($O32) = "LATAM", $S32 = "SIM"), $U32, "----"))) -> 0 | Y32: =if($W32 = "----", "Valor do reembolso?", $T32-$W32+$V32) -> 0 | Z32: =if($X32 = "----", "Valor do reembolso?", $U32-$X32) -> 0
A33: 11 | B33: Diego Regal | C33: OPERAÇÕES | D33: RELACIONAMENTO INSTITUCIONAL | E33: 46070 | F33: 46076 | G33: =if(OR(E33 = "", F33 = ""), "", datedif(E33,F33,"D")) -> 6 | H33: AÉREO | I33: João Pessoa | J33: PB | K33: JPA | L33: Brasília | M33: DF | N33: BSB | O33: LATAM | P33: 1700 | Q33: NÃO | R33: Tempo moderado | S33: NÃO | T33: 2105.99 | U33: 0 | V33: 0 | W33: =if($S33 = "NÃO", 0, if(and(UPPER($O33) = "GOL", $S33 = "SIM"), $T33+$V33, if(and(UPPER($O33) = "LATAM", $S33 = "SIM"), $T33 + $V33, "----"))) -> 0 | X33: =if($S33 = "NÃO", 0, if(and(UPPER($O33) = "GOL", $S33 = "SIM"), 0.95*($U33), if(and(UPPER($O33) = "LATAM", $S33 = "SIM"), $U33, "----"))) -> 0 | Y33: =if($W33 = "----", "Valor do reembolso?", $T33-$W33+$V33) -> 2105.99 | Z33: =if($X33 = "----", "Valor do reembolso?", $U33-$X33) -> 0
A34: 11 | B34: Erik Anderson | C34: PEDAGÓGICO | D34: RELACIONAMENTO INSTITUCIONAL | E34: 46070 | F34: 46076 | G34: =if(OR(E34 = "", F34 = ""), "", datedif(E34,F34,"D")) -> 6 | H34: AÉREO | I34: João Pessoa | J34: PB | K34: JPA | L34: Brasília | M34: DF | N34: BSB | O34: LATAM | P34: 1700 | Q34: NÃO | R34: Tempo moderado | S34: NÃO | T34: 2105.99 | U34: 0 | V34: 0 | W34: =if($S34 = "NÃO", 0, if(and(UPPER($O34) = "GOL", $S34 = "SIM"), $T34+$V34, if(and(UPPER($O34) = "LATAM", $S34 = "SIM"), $T34 + $V34, "----"))) -> 0 | X34: =if($S34 = "NÃO", 0, if(and(UPPER($O34) = "GOL", $S34 = "SIM"), 0.95*($U34), if(and(UPPER($O34) = "LATAM", $S34 = "SIM"), $U34, "----"))) -> 0 | Y34: =if($W34 = "----", "Valor do reembolso?", $T34-$W34+$V34) -> 2105.99 | Z34: =if($X34 = "----", "Valor do reembolso?", $U34-$X34) -> 0
A35: 11 | B35: Diego Regal | C35: OPERAÇÕES | D35: RELACIONAMENTO INSTITUCIONAL | E35: 46070 | F35: 46078 | G35: =if(OR(E35 = "", F35 = ""), "", datedif(E35,F35,"D")) -> 8 | H35: AÉREO | I35: Brasília | J35: DF | K35: BSB | L35: João Pessoa | M35: PB | N35: JPA | O35: LATAM | P35: 1700 | Q35: NÃO | R35: Tempo moderado | S35: NÃO | T35: 1067.77 | U35: 0 | V35: 0 | W35: =if($S35 = "NÃO", 0, if(and(UPPER($O35) = "GOL", $S35 = "SIM"), $T35+$V35, if(and(UPPER($O35) = "LATAM", $S35 = "SIM"), $T35 + $V35, "----"))) -> 0 | X35: =if($S35 = "NÃO", 0, if(and(UPPER($O35) = "GOL", $S35 = "SIM"), 0.95*($U35), if(and(UPPER($O35) = "LATAM", $S35 = "SIM"), $U35, "----"))) -> 0 | Y35: =if($W35 = "----", "Valor do reembolso?", $T35-$W35+$V35) -> 1067.77 | Z35: =if($X35 = "----", "Valor do reembolso?", $U35-$X35) -> 0
A36: 11 | B36: Erik Anderson | C36: PEDAGÓGICO | D36: RELACIONAMENTO INSTITUCIONAL | E36: 46070 | F36: 46078 | G36: =if(OR(E36 = "", F36 = ""), "", datedif(E36,F36,"D")) -> 8 | H36: AÉREO | I36: Brasília | J36: DF | K36: BSB | L36: João Pessoa | M36: PB | N36: JPA | O36: LATAM | P36: 1700 | Q36: NÃO | R36: Tempo moderado | S36: NÃO | T36: 1067.77 | U36: 0 | V36: 0 | W36: =if($S36 = "NÃO", 0, if(and(UPPER($O36) = "GOL", $S36 = "SIM"), $T36+$V36, if(and(UPPER($O36) = "LATAM", $S36 = "SIM"), $T36 + $V36, "----"))) -> 0 | X36: =if($S36 = "NÃO", 0, if(and(UPPER($O36) = "GOL", $S36 = "SIM"), 0.95*($U36), if(and(UPPER($O36) = "LATAM", $S36 = "SIM"), $U36, "----"))) -> 0 | Y36: =if($W36 = "----", "Valor do reembolso?", $T36-$W36+$V36) -> 1067.77 | Z36: =if($X36 = "----", "Valor do reembolso?", $U36-$X36) -> 0
A37: 12 | B37: Vania Beneveli | C37: PEDAGÓGICO | D37: FORMAÇÃO | E37: 46076 | F37: 46082 | G37: =if(OR(E37 = "", F37 = ""), "", datedif(E37,F37,"D")) -> 6 | H37: AÉREO | I37: Brasília | J37: DF | K37: BSB | L37: João Pessoa | M37: PB | N37: JPA | O37: GOL | P37: 1700 | Q37: NÃO | R37: Tempo moderado | S37: NÃO | T37: 2241.38 | U37: 0 | W37: =if($S37 = "NÃO", 0, if(and(UPPER($O37) = "GOL", $S37 = "SIM"), $T37+$V37, if(and(UPPER($O37) = "LATAM", $S37 = "SIM"), $T37 + $V37, "----"))) -> 0 | X37: =if($S37 = "NÃO", 0, if(and(UPPER($O37) = "GOL", $S37 = "SIM"), 0.95*($U37), if(and(UPPER($O37) = "LATAM", $S37 = "SIM"), $U37, "----"))) -> 0 | Y37: =if($W37 = "----", "Valor do reembolso?", $T37-$W37+$V37) -> 2241.38 | Z37: =if($X37 = "----", "Valor do reembolso?", $U37-$X37) -> 0
A38: 12 | B38: Vania Beneveli | C38: PEDAGÓGICO | D38: FORMAÇÃO | E38: 46076 | F38: 46085 | G38: =if(OR(E38 = "", F38 = ""), "", datedif(E38,F38,"D")) -> 9 | H38: AÉREO | I38: João Pessoa | J38: PB | K38: JPA | L38: Brasília | M38: DF | N38: BSB | O38: GOL | P38: 1700 | Q38: NÃO | R38: Tempo moderado | S38: NÃO | T38: 2241.38 | U38: 0 | V38: 0 | W38: =if($S38 = "NÃO", 0, if(and(UPPER($O38) = "GOL", $S38 = "SIM"), $T38+$V38, if(and(UPPER($O38) = "LATAM", $S38 = "SIM"), $T38 + $V38, "----"))) -> 0 | X38: =if($S38 = "NÃO", 0, if(and(UPPER($O38) = "GOL", $S38 = "SIM"), 0.95*($U38), if(and(UPPER($O38) = "LATAM", $S38 = "SIM"), $U38, "----"))) -> 0 | Y38: =if($W38 = "----", "Valor do reembolso?", $T38-$W38+$V38) -> 2241.38 | Z38: =if($X38 = "----", "Valor do reembolso?", $U38-$X38) -> 0
A39: 13 | B39: Heraclio Felipe | C39: DIREÇÃO GERAL | D39: RELACIONAMENTO INSTITUCIONAL | E39: 46082 | F39: 46083 | G39: =if(OR(E39 = "", F39 = ""), "", datedif(E39,F39,"D")) -> 1 | H39: AÉREO | I39: João Pessoa | J39: PB | K39: JPA | L39: Brasília | M39: DF | N39: BSB | O39: GOL | P39: 1700 | Q39: NÃO | R39: Compra de urgência | S39: NÃO | T39: 3643.09 | U39: 0 | V39: 0 | W39: =if($S39 = "NÃO", 0, if(and(UPPER($O39) = "GOL", $S39 = "SIM"), $T39+$V39, if(and(UPPER($O39) = "LATAM", $S39 = "SIM"), $T39 + $V39, "----"))) -> 0 | X39: =if($S39 = "NÃO", 0, if(and(UPPER($O39) = "GOL", $S39 = "SIM"), 0.95*($U39), if(and(UPPER($O39) = "LATAM", $S39 = "SIM"), $U39, "----"))) -> 0 | Y39: =if($W39 = "----", "Valor do reembolso?", $T39-$W39+$V39) -> 3643.09 | Z39: =if($X39 = "----", "Valor do reembolso?", $U39-$X39) -> 0
A40: 13 | B40: Heraclio Felipe | C40: DIREÇÃO GERAL | D40: RELACIONAMENTO INSTITUCIONAL | E40: 46084 | F40: 46084 | G40: =if(OR(E40 = "", F40 = ""), "", datedif(E40,F40,"D")) -> 0 | H40: AÉREO | I40: Brasília | J40: DF | K40: BSB | L40: João Pessoa | M40: PB | N40: JPA | O40: LATAM | P40: 0 | Q40: NÃO | R40: Compra de urgência | S40: SIM | T40: 3083.77 | U40: 0 | V40: 0 | W40: 0 | X40: =if($S40 = "NÃO", 0, if(and(UPPER($O40) = "GOL", $S40 = "SIM"), 0.95*($U40), if(and(UPPER($O40) = "LATAM", $S40 = "SIM"), $U40, "----"))) -> 0 | Y40: =if($W40 = "----", "Valor do reembolso?", $T40-$W40+$V40) -> 3083.77 | Z40: =if($X40 = "----", "Valor do reembolso?", $U40-$X40) -> 0
A41: 13 | B41: Heraclio Felipe | C41: DIREÇÃO GERAL | D41: RELACIONAMENTO INSTITUCIONAL | E41: 46084 | F41: 46085 | G41: =if(OR(E41 = "", F41 = ""), "", datedif(E41,F41,"D")) -> 1 | H41: AÉREO | I41: Brasília | J41: DF | K41: BSB | L41: João Pessoa | M41: PB | N41: JPA | O41: LATAM | P41: 1700 | Q41: NÃO | R41: Compra de urgência | S41: NÃO | T41: 3631.87 | U41: 0 | V41: 0 | W41: =if($S41 = "NÃO", 0, if(and(UPPER($O41) = "GOL", $S41 = "SIM"), $T41+$V41, if(and(UPPER($O41) = "LATAM", $S41 = "SIM"), $T41 + $V41, "----"))) -> 0 | X41: =if($S41 = "NÃO", 0, if(and(UPPER($O41) = "GOL", $S41 = "SIM"), 0.95*($U41), if(and(UPPER($O41) = "LATAM", $S41 = "SIM"), $U41, "----"))) -> 0 | Y41: =if($W41 = "----", "Valor do reembolso?", $T41-$W41+$V41) -> 3631.87 | Z41: =if($X41 = "----", "Valor do reembolso?", $U41-$X41) -> 0
A42: 14 | B42: Leandro Felix | C42: OPERAÇÕES | D42: VISITA TÉCNICA | E42: 46079 | F42: 46084 | G42: =if(OR(E42 = "", F42 = ""), "", datedif(E42,F42,"D")) -> 5 | H42: AÉREO | I42: João Pessoa | J42: PB | K42: JPA | L42: Rio de Janeiro | M42: RJ | N42: GIG | O42: GOL | P42: 1970 | Q42: NÃO | R42: Compra de urgência | S42: NÃO | T42: 1904 | U42: 0 | V42: 0 | W42: =if($S42 = "NÃO", 0, if(and(UPPER($O42) = "GOL", $S42 = "SIM"), $T42+$V42, if(and(UPPER($O42) = "LATAM", $S42 = "SIM"), $T42 + $V42, "----"))) -> 0 | X42: =if($S42 = "NÃO", 0, if(and(UPPER($O42) = "GOL", $S42 = "SIM"), 0.95*($U42), if(and(UPPER($O42) = "LATAM", $S42 = "SIM"), $U42, "----"))) -> 0 | Y42: =if($W42 = "----", "Valor do reembolso?", $T42-$W42+$V42) -> 1904 | Z42: =if($X42 = "----", "Valor do reembolso?", $U42-$X42) -> 0
A43: 14 | B43: Leandro Felix | C43: OPERAÇÕES | D43: VISITA TÉCNICA | E43: 46079 | F43: 46084 | G43: =if(OR(E43 = "", F43 = ""), "", datedif(E43,F43,"D")) -> 5 | H43: TERRESTRE | I43: Rio de Janeiro | J43: RJ | K43: NOVO RIO | L43: Juiz de Fora | M43: MG | N43: Miguel Mansur | O43: GUANABARA | P43: 190 | Q43: NÃO | R43: Compra de urgência | S43: NÃO | T43: 42.9 | U43: 0 | V43: 0 | W43: =if($S43 = "NÃO", 0, if(and(UPPER($O43) = "GOL", $S43 = "SIM"), $T43+$V43, if(and(UPPER($O43) = "LATAM", $S43 = "SIM"), $T43 + $V43, "----"))) -> 0 | X43: =if($S43 = "NÃO", 0, if(and(UPPER($O43) = "GOL", $S43 = "SIM"), 0.95*($U43), if(and(UPPER($O43) = "LATAM", $S43 = "SIM"), $U43, "----"))) -> 0 | Y43: =if($W43 = "----", "Valor do reembolso?", $T43-$W43+$V43) -> 42.9 | Z43: =if($X43 = "----", "Valor do reembolso?", $U43-$X43) -> 0
A44: 14 | B44: Leandro Felix | C44: OPERAÇÕES | D44: VISITA TÉCNICA | E44: 46079 | F44: 46086 | G44: =if(OR(E44 = "", F44 = ""), "", datedif(E44,F44,"D")) -> 7 | H44: TERRESTRE | I44: Juiz de Fora | J44: MG | K44: Miguel Mansur | L44: Rio de Janeiro | M44: RJ | N44: NOVO RIO | O44: GUANABARA | P44: 190 | Q44: NÃO | R44: Tempo moderado | S44: NÃO | T44: 89.9 | U44: 0 | V44: 0 | W44: =if($S44 = "NÃO", 0, if(and(UPPER($O44) = "GOL", $S44 = "SIM"), $T44+$V44, if(and(UPPER($O44) = "LATAM", $S44 = "SIM"), $T44 + $V44, "----"))) -> 0 | X44: =if($S44 = "NÃO", 0, if(and(UPPER($O44) = "GOL", $S44 = "SIM"), 0.95*($U44), if(and(UPPER($O44) = "LATAM", $S44 = "SIM"), $U44, "----"))) -> 0 | Y44: =if($W44 = "----", "Valor do reembolso?", $T44-$W44+$V44) -> 89.9 | Z44: =if($X44 = "----", "Valor do reembolso?", $U44-$X44) -> 0
A45: 14 | B45: Leandro Felix | C45: OPERAÇÕES | D45: VISITA TÉCNICA | E45: 46079 | F45: 46086 | G45: =if(OR(E45 = "", F45 = ""), "", datedif(E45,F45,"D")) -> 7 | H45: AÉREO | I45: Rio de Janeiro | J45: RJ | K45: GIG | L45: João Pessoa | M45: PB | N45: JPA | O45: GOL | P45: 1970 | Q45: NÃO | R45: Tempo moderado | S45: NÃO | T45: 1904 | U45: 0 | V45: 0 | W45: =if($S45 = "NÃO", 0, if(and(UPPER($O45) = "GOL", $S45 = "SIM"), $T45+$V45, if(and(UPPER($O45) = "LATAM", $S45 = "SIM"), $T45 + $V45, "----"))) -> 0 | X45: =if($S45 = "NÃO", 0, if(and(UPPER($O45) = "GOL", $S45 = "SIM"), 0.95*($U45), if(and(UPPER($O45) = "LATAM", $S45 = "SIM"), $U45, "----"))) -> 0 | Y45: =if($W45 = "----", "Valor do reembolso?", $T45-$W45+$V45) -> 1904 | Z45: =if($X45 = "----", "Valor do reembolso?", $U45-$X45) -> 0
A46: 14 | B46: Mikaella Pedrosa | C46: OPERAÇÕES | D46: VISITA TÉCNICA | E46: 46079 | F46: 46084 | G46: =if(OR(E46 = "", F46 = ""), "", datedif(E46,F46,"D")) -> 5 | H46: AÉREO | I46: João Pessoa | J46: PB | K46: JPA | L46: Rio de Janeiro | M46: RJ | N46: GIG | O46: GOL | P46: 1970 | Q46: NÃO | R46: Compra de urgência | S46: NÃO | T46: 1904 | U46: 0 | V46: 0 | W46: =if($S46 = "NÃO", 0, if(and(UPPER($O46) = "GOL", $S46 = "SIM"), $T46+$V46, if(and(UPPER($O46) = "LATAM", $S46 = "SIM"), $T46 + $V46, "----"))) -> 0 | X46: =if($S46 = "NÃO", 0, if(and(UPPER($O46) = "GOL", $S46 = "SIM"), 0.95*($U46), if(and(UPPER($O46) = "LATAM", $S46 = "SIM"), $U46, "----"))) -> 0 | Y46: =if($W46 = "----", "Valor do reembolso?", $T46-$W46+$V46) -> 1904 | Z46: =if($X46 = "----", "Valor do reembolso?", $U46-$X46) -> 0
A47: 14 | B47: Mikaella Pedrosa | C47: OPERAÇÕES | D47: VISITA TÉCNICA | E47: 46079 | F47: 46084 | G47: =if(OR(E47 = "", F47 = ""), "", datedif(E47,F47,"D")) -> 5 | H47: TERRESTRE | I47: Rio de Janeiro | J47: RJ | K47: NOVO RIO | L47: Juiz de Fora | M47: MG | N47: Miguel Mansur | O47: GUANABARA | P47: 190 | Q47: NÃO | R47: Compra de urgência | S47: NÃO | T47: 42.9 | U47: 0 | V47: 0 | W47: =if($S47 = "NÃO", 0, if(and(UPPER($O47) = "GOL", $S47 = "SIM"), $T47+$V47, if(and(UPPER($O47) = "LATAM", $S47 = "SIM"), $T47 + $V47, "----"))) -> 0 | X47: =if($S47 = "NÃO", 0, if(and(UPPER($O47) = "GOL", $S47 = "SIM"), 0.95*($U47), if(and(UPPER($O47) = "LATAM", $S47 = "SIM"), $U47, "----"))) -> 0 | Y47: =if($W47 = "----", "Valor do reembolso?", $T47-$W47+$V47) -> 42.9 | Z47: =if($X47 = "----", "Valor do reembolso?", $U47-$X47) -> 0
A48: 14 | B48: Mikaella Pedrosa | C48: OPERAÇÕES | D48: VISITA TÉCNICA | E48: 46079 | F48: 46086 | G48: =if(OR(E48 = "", F48 = ""), "", datedif(E48,F48,"D")) -> 7 | H48: TERRESTRE | I48: Juiz de Fora | J48: MG | K48: Miguel Mansur | L48: Rio de Janeiro | M48: RJ | N48: NOVO RIO | O48: GUANABARA | P48: 190 | Q48: NÃO | R48: Tempo moderado | S48: NÃO | T48: 89.9 | U48: 0 | V48: 0 | W48: =if($S48 = "NÃO", 0, if(and(UPPER($O48) = "GOL", $S48 = "SIM"), $T48+$V48, if(and(UPPER($O48) = "LATAM", $S48 = "SIM"), $T48 + $V48, "----"))) -> 0 | X48: =if($S48 = "NÃO", 0, if(and(UPPER($O48) = "GOL", $S48 = "SIM"), 0.95*($U48), if(and(UPPER($O48) = "LATAM", $S48 = "SIM"), $U48, "----"))) -> 0 | Y48: =if($W48 = "----", "Valor do reembolso?", $T48-$W48+$V48) -> 89.9 | Z48: =if($X48 = "----", "Valor do reembolso?", $U48-$X48) -> 0
A49: 14 | B49: Mikaella Pedrosa | C49: OPERAÇÕES | D49: VISITA TÉCNICA | E49: 46079 | F49: 46086 | G49: =if(OR(E49 = "", F49 = ""), "", datedif(E49,F49,"D")) -> 7 | H49: AÉREO | I49: Rio de Janeiro | J49: RJ | K49: GIG | L49: João Pessoa | M49: PB | N49: JPA | O49: GOL | P49: 1970 | Q49: NÃO | R49: Tempo moderado | S49: NÃO | T49: 1904 | U49: 0 | V49: 0 | W49: =if($S49 = "NÃO", 0, if(and(UPPER($O49) = "GOL", $S49 = "SIM"), $T49+$V49, if(and(UPPER($O49) = "LATAM", $S49 = "SIM"), $T49 + $V49, "----"))) -> 0 | X49: =if($S49 = "NÃO", 0, if(and(UPPER($O49) = "GOL", $S49 = "SIM"), 0.95*($U49), if(and(UPPER($O49) = "LATAM", $S49 = "SIM"), $U49, "----"))) -> 0 | Y49: =if($W49 = "----", "Valor do reembolso?", $T49-$W49+$V49) -> 1904 | Z49: =if($X49 = "----", "Valor do reembolso?", $U49-$X49) -> 0
A50: 15 | B50: Helber Vieira | C50: INSTITUCIONAL | D50: PROSPECÇÃO | E50: 46082 | F50: 46087 | G50: =if(OR(E50 = "", F50 = ""), "", datedif(E50,F50,"D")) -> 5 | H50: AÉREO | I50: Brasília | J50: DF | K50: BSB | L50: Campo Grande | M50: MS | N50: CGR | O50: LATAM | P50: 880 | Q50: NÃO | R50: Compra de urgência | S50: NÃO | T50: 2174.77 | U50: 0 | V50: 0 | W50: =if($S50 = "NÃO", 0, if(and(UPPER($O50) = "GOL", $S50 = "SIM"), $T50+$V50, if(and(UPPER($O50) = "LATAM", $S50 = "SIM"), $T50 + $V50, "----"))) -> 0 | X50: =if($S50 = "NÃO", 0, if(and(UPPER($O50) = "GOL", $S50 = "SIM"), 0.95*($U50), if(and(UPPER($O50) = "LATAM", $S50 = "SIM"), $U50, "----"))) -> 0 | Y50: =if($W50 = "----", "Valor do reembolso?", $T50-$W50+$V50) -> 2174.77 | Z50: =if($X50 = "----", "Valor do reembolso?", $U50-$X50) -> 0
A51: 15 | B51: Helber Vieira | C51: INSTITUCIONAL | D51: PROSPECÇÃO | E51: 46082 | F51: 46087 | G51: =if(OR(E51 = "", F51 = ""), "", datedif(E51,F51,"D")) -> 5 | H51: AÉREO | I51: Campo Grande | J51: MS | K51: CGR | L51: Brasília | M51: DF | N51: BSB | O51: LATAM | P51: 880 | Q51: NÃO | R51: Compra de urgência | S51: NÃO | T51: 2170.29 | U51: 0 | V51: 0 | W51: =if($S51 = "NÃO", 0, if(and(UPPER($O51) = "GOL", $S51 = "SIM"), $T51+$V51, if(and(UPPER($O51) = "LATAM", $S51 = "SIM"), $T51 + $V51, "----"))) -> 0 | X51: =if($S51 = "NÃO", 0, if(and(UPPER($O51) = "GOL", $S51 = "SIM"), 0.95*($U51), if(and(UPPER($O51) = "LATAM", $S51 = "SIM"), $U51, "----"))) -> 0 | Y51: =if($W51 = "----", "Valor do reembolso?", $T51-$W51+$V51) -> 2170.29 | Z51: =if($X51 = "----", "Valor do reembolso?", $U51-$X51) -> 0
A52: 15 | B52: Diego Regal | C52: OPERAÇÕES | D52: PROSPECÇÃO | E52: 46082 | F52: 46087 | G52: =if(OR(E52 = "", F52 = ""), "", datedif(E52,F52,"D")) -> 5 | H52: AÉREO | I52: João Pessoa | J52: PB | K52: JPA | L52: Campo Grande | M52: MS | N52: CGR | O52: LATAM | P52: 2450 | Q52: NÃO | R52: Compra de urgência | S52: NÃO | T52: 3010.69 | U52: 0 | V52: 0 | W52: =if($S52 = "NÃO", 0, if(and(UPPER($O52) = "GOL", $S52 = "SIM"), $T52+$V52, if(and(UPPER($O52) = "LATAM", $S52 = "SIM"), $T52 + $V52, "----"))) -> 0 | X52: =if($S52 = "NÃO", 0, if(and(UPPER($O52) = "GOL", $S52 = "SIM"), 0.95*($U52), if(and(UPPER($O52) = "LATAM", $S52 = "SIM"), $U52, "----"))) -> 0 | Y52: =if($W52 = "----", "Valor do reembolso?", $T52-$W52+$V52) -> 3010.69 | Z52: =if($X52 = "----", "Valor do reembolso?", $U52-$X52) -> 0
... A58: 16 | B58: Helber Vieira | C58: INSTITUCIONAL | D58: RELACIONAMENTO INSTITUCIONAL | E58: 46091 | F58: 46092 | G58: =if(OR(E58 = "", F58 = ""), "", datedif(E58,F58,"D")) -> 1 | H58: AÉREO | I58: Florianópolis | J58: SC | K58: FLN | L58: Brasília | M58: DF | N58: BSB | O58: LATAM | P58: 1320 | Q58: NÃO | R58: Compra de urgência | S58: NÃO | T58: 3163.17 | U58: 0 | V58: 0 | W58: =if($S58 = "NÃO", 0, if(and(UPPER($O58) = "GOL", $S58 = "SIM"), $T58+$V58, if(and(UPPER($O58) = "LATAM", $S58 = "SIM"), $T58 + $V58, "----"))) -> 0 | X58: =if($S58 = "NÃO", 0, if(and(UPPER($O58) = "GOL", $S58 = "SIM"), 0.95*($U58), if(and(UPPER($O58) = "LATAM", $S58 = "SIM"), $U58, "----"))) -> 0 | Y58: =if($W58 = "----", "Valor do reembolso?", $T58-$W58+$V58) -> 3163.17 | Z58: =if($X58 = "----", "Valor do reembolso?", $U58-$X58) -> 0
A59: 17 | B59: Alexandre Carvalho | C59: PEDAGÓGICO | D59: FORMAÇÃO | E59: 46078 | F59: 46093 | G59: =if(OR(E59 = "", F59 = ""), "", datedif(E59,F59,"D")) -> 15 | H59: AÉREO | I59: Brasília | J59: DF | K59: BSB | L59: João Pessoa | M59: PB | N59: JPA | O59: GOL | P59: 1700 | Q59: SIM | S59: NÃO | T59: 2006.38 | U59: 0 | V59: 0 | W59: =if($S59 = "NÃO", 0, if(and(UPPER($O59) = "GOL", $S59 = "SIM"), $T59+$V59, if(and(UPPER($O59) = "LATAM", $S59 = "SIM"), $T59 + $V59, "----"))) -> 0 | X59: =if($S59 = "NÃO", 0, if(and(UPPER($O59) = "GOL", $S59 = "SIM"), 0.95*($U59), if(and(UPPER($O59) = "LATAM", $S59 = "SIM"), $U59, "----"))) -> 0 | Y59: =if($W59 = "----", "Valor do reembolso?", $T59-$W59+$V59) -> 2006.38 | Z59: =if($X59 = "----", "Valor do reembolso?", $U59-$X59) -> 0
A60: 17 | B60: Alexandre Carvalho | C60: PEDAGÓGICO | D60: FORMAÇÃO | E60: 46078 | F60: 46095 | G60: =if(OR(E60 = "", F60 = ""), "", datedif(E60,F60,"D")) -> 17 | H60: AÉREO | I60: João Pessoa | J60: PB | K60: JPA | L60: Brasília | M60: DF | N60: BSB | O60: GOL | P60: 1700 | Q60: SIM | S60: NÃO | T60: 2006.38 | U60: 0 | V60: 0 | W60: =if($S60 = "NÃO", 0, if(and(UPPER($O60) = "GOL", $S60 = "SIM"), $T60+$V60, if(and(UPPER($O60) = "LATAM", $S60 = "SIM"), $T60 + $V60, "----"))) -> 0 | X60: =if($S60 = "NÃO", 0, if(and(UPPER($O60) = "GOL", $S60 = "SIM"), 0.95*($U60), if(and(UPPER($O60) = "LATAM", $S60 = "SIM"), $U60, "----"))) -> 0 | Y60: =if($W60 = "----", "Valor do reembolso?", $T60-$W60+$V60) -> 2006.38 | Z60: =if($X60 = "----", "Valor do reembolso?", $U60-$X60) -> 0
A61: 18 | B61: Heraclio Felipe | C61: DIREÇÃO GERAL | D61: COMERCIAL | E61: 46091 | F61: 46097 | G61: =if(OR(E61 = "", F61 = ""), "", datedif(E61,F61,"D")) -> 6 | H61: AÉREO | I61: João Pessoa | J61: PB | K61: JPA | L61: Rio de Janeiro | M61: RJ | N61: GIG | O61: LATAM | P61: 1970 | Q61: NÃO | R61: Tempo moderado | S61: NÃO | T61: 3080 | U61: 0 | V61: 0 | W61: =if($S61 = "NÃO", 0, if(and(UPPER($O61) = "GOL", $S61 = "SIM"), $T61+$V61, if(and(UPPER($O61) = "LATAM", $S61 = "SIM"), $T61 + $V61, "----"))) -> 0 | X61: =if($S61 = "NÃO", 0, if(and(UPPER($O61) = "GOL", $S61 = "SIM"), 0.95*($U61), if(and(UPPER($O61) = "LATAM", $S61 = "SIM"), $U61, "----"))) -> 0 | Y61: =if($W61 = "----", "Valor do reembolso?", $T61-$W61+$V61) -> 3080 | Z61: =if($X61 = "----", "Valor do reembolso?", $U61-$X61) -> 0
A62: 18 | B62: Diego Regal | C62: OPERAÇÕES | D62: COMERCIAL | E62: 46091 | F62: 46097 | G62: =if(OR(E62 = "", F62 = ""), "", datedif(E62,F62,"D")) -> 6 | H62: AÉREO | I62: João Pessoa | J62: PB | K62: JPA | L62: Rio de Janeiro | M62: RJ | N62: GIG | O62: LATAM | P62: 1970 | Q62: NÃO | R62: Tempo moderado | S62: NÃO | T62: 3066.4 | U62: 0 | V62: 0 | W62: =if($S62 = "NÃO", 0, if(and(UPPER($O62) = "GOL", $S62 = "SIM"), $T62+$V62, if(and(UPPER($O62) = "LATAM", $S62 = "SIM"), $T62 + $V62, "----"))) -> 0 | X62: =if($S62 = "NÃO", 0, if(and(UPPER($O62) = "GOL", $S62 = "SIM"), 0.95*($U62), if(and(UPPER($O62) = "LATAM", $S62 = "SIM"), $U62, "----"))) -> 0 | Y62: =if($W62 = "----", "Valor do reembolso?", $T62-$W62+$V62) -> 3066.4 | Z62: =if($X62 = "----", "Valor do reembolso?", $U62-$X62) -> 0
A63: 18 | B63: Erik Anderson | C63: PEDAGÓGICO | D63: COMERCIAL | E63: 46091 | F63: 46097 | G63: =if(OR(E63 = "", F63 = ""), "", datedif(E63,F63,"D")) -> 6 | H63: AÉREO | I63: João Pessoa | J63: PB | K63: JPA | L63: Rio de Janeiro | M63: RJ | N63: GIG | O63: LATAM | P63: 1970 | Q63: NÃO | R63: Tempo moderado | S63: NÃO | T63: 3066.4 | U63: 0 | V63: 0 | W63: =if($S63 = "NÃO", 0, if(and(UPPER($O63) = "GOL", $S63 = "SIM"), $T63+$V63, if(and(UPPER($O63) = "LATAM", $S63 = "SIM"), $T63 + $V63, "----"))) -> 0 | X63: =if($S63 = "NÃO", 0, if(and(UPPER($O63) = "GOL", $S63 = "SIM"), 0.95*($U63), if(and(UPPER($O63) = "LATAM", $S63 = "SIM"), $U63, "----"))) -> 0 | Y63: =if($W63 = "----", "Valor do reembolso?", $T63-$W63+$V63) -> 3066.4 | Z63: =if($X63 = "----", "Valor do reembolso?", $U63-$X63) -> 0
A64: 18 | B64: Helber Vieira | C64: INSTITUCIONAL | D64: COMERCIAL | E64: 46096 | F64: 46097 | G64: =if(OR(E64 = "", F64 = ""), "", datedif(E64,F64,"D")) -> 1 | H64: AÉREO | I64: Brasília | J64: DF | K64: BSB | L64: Rio de Janeiro | M64: RJ | N64: GIG | O64: LATAM | P64: 930 | Q64: NÃO | R64: Compra de urgência | S64: NÃO | T64: 2279.06 | U64: 0 | V64: 0 | W64: =if($S64 = "NÃO", 0, if(and(UPPER($O64) = "GOL", $S64 = "SIM"), $T64+$V64, if(and(UPPER($O64) = "LATAM", $S64 = "SIM"), $T64 + $V64, "----"))) -> 0 | X64: =if($S64 = "NÃO", 0, if(and(UPPER($O64) = "GOL", $S64 = "SIM"), 0.95*($U64), if(and(UPPER($O64) = "LATAM", $S64 = "SIM"), $U64, "----"))) -> 0 | Y64: =if($W64 = "----", "Valor do reembolso?", $T64-$W64+$V64) -> 2279.06 | Z64: =if($X64 = "----", "Valor do reembolso?", $U64-$X64) -> 0
A65: 19 | B65: Heraclio Felipe | C65: DIREÇÃO GERAL | D65: RELACIONAMENTO INSTITUCIONAL | E65: 46091 | F65: 46098 | G65: =if(OR(E65 = "", F65 = ""), "", datedif(E65,F65,"D")) -> 7 | H65: AÉREO | I65: Rio de Janeiro | J65: RJ | K65: SDU | L65: Brasília | M65: DF | N65: BSB | O65: LATAM | P65: 930 | Q65: NÃO | R65: Tempo moderado | S65: NÃO | T65: 1240.01 | U65: 0 | V65: 0 | W65: =if($S65 = "NÃO", 0, if(and(UPPER($O65) = "GOL", $S65 = "SIM"), $T65+$V65, if(and(UPPER($O65) = "LATAM", $S65 = "SIM"), $T65 + $V65, "----"))) -> 0 | X65: =if($S65 = "NÃO", 0, if(and(UPPER($O65) = "GOL", $S65 = "SIM"), 0.95*($U65), if(and(UPPER($O65) = "LATAM", $S65 = "SIM"), $U65, "----"))) -> 0 | Y65: =if($W65 = "----", "Valor do reembolso?", $T65-$W65+$V65) -> 1240.01 | Z65: =if($X65 = "----", "Valor do reembolso?", $U65-$X65) -> 0
A66: 19 | B66: Diego Regal | C66: OPERAÇÕES | D66: RELACIONAMENTO INSTITUCIONAL | E66: 46091 | F66: 46098 | G66: =if(OR(E66 = "", F66 = ""), "", datedif(E66,F66,"D")) -> 7 | H66: AÉREO | I66: Rio de Janeiro | J66: RJ | K66: SDU | L66: Brasília | M66: DF | N66: BSB | O66: LATAM | P66: 930 | Q66: NÃO | R66: Tempo moderado | S66: NÃO | T66: 1240.01 | U66: 0 | V66: 0 | W66: =if($S66 = "NÃO", 0, if(and(UPPER($O66) = "GOL", $S66 = "SIM"), $T66+$V66, if(and(UPPER($O66) = "LATAM", $S66 = "SIM"), $T66 + $V66, "----"))) -> 0 | X66: =if($S66 = "NÃO", 0, if(and(UPPER($O66) = "GOL", $S66 = "SIM"), 0.95*($U66), if(and(UPPER($O66) = "LATAM", $S66 = "SIM"), $U66, "----"))) -> 0 | Y66: =if($W66 = "----", "Valor do reembolso?", $T66-$W66+$V66) -> 1240.01 | Z66: =if($X66 = "----", "Valor do reembolso?", $U66-$X66) -> 0
A67: 19 | B67: Erik Anderson | C67: PEDAGÓGICO | D67: RELACIONAMENTO INSTITUCIONAL | E67: 46091 | F67: 46098 | G67: =if(OR(E67 = "", F67 = ""), "", datedif(E67,F67,"D")) -> 7 | H67: AÉREO | I67: Rio de Janeiro | J67: RJ | K67: SDU | L67: Brasília | M67: DF | N67: BSB | O67: LATAM | P67: 930 | Q67: NÃO | R67: Tempo moderado | S67: NÃO | T67: 1240.01 | U67: 0 | V67: 0 | W67: =if($S67 = "NÃO", 0, if(and(UPPER($O67) = "GOL", $S67 = "SIM"), $T67+$V67, if(and(UPPER($O67) = "LATAM", $S67 = "SIM"), $T67 + $V67, "----"))) -> 0 | X67: =if($S67 = "NÃO", 0, if(and(UPPER($O67) = "GOL", $S67 = "SIM"), 0.95*($U67), if(and(UPPER($O67) = "LATAM", $S67 = "SIM"), $U67, "----"))) -> 0 | Y67: =if($W67 = "----", "Valor do reembolso?", $T67-$W67+$V67) -> 1240.01 | Z67: =if($X67 = "----", "Valor do reembolso?", $U67-$X67) -> 0
A68: 19 | B68: Helber Vieira | C68: INSTITUCIONAL | D68: RELACIONAMENTO INSTITUCIONAL | E68: 46091 | F68: 46098 | G68: =if(OR(E68 = "", F68 = ""), "", datedif(E68,F68,"D")) -> 7 | H68: AÉREO | I68: Rio de Janeiro | J68: RJ | K68: SDU | L68: Brasília | M68: DF | N68: BSB | O68: LATAM | P68: 930 | Q68: NÃO | R68: Tempo moderado | S68: NÃO | T68: 1240.01 | U68: 0 | V68: 0 | W68: =if($S68 = "NÃO", 0, if(and(UPPER($O68) = "GOL", $S68 = "SIM"), $T68+$V68, if(and(UPPER($O68) = "LATAM", $S68 = "SIM"), $T68 + $V68, "----"))) -> 0 | X68: =if($S68 = "NÃO", 0, if(and(UPPER($O68) = "GOL", $S68 = "SIM"), 0.95*($U68), if(and(UPPER($O68) = "LATAM", $S68 = "SIM"), $U68, "----"))) -> 0 | Y68: =if($W68 = "----", "Valor do reembolso?", $T68-$W68+$V68) -> 1240.01 | Z68: =if($X68 = "----", "Valor do reembolso?", $U68-$X68) -> 0
A69: 20 | B69: Heraclio Felipe | C69: DIREÇÃO GERAL | D69: RELACIONAMENTO INSTITUCIONAL | E69: 46098 | F69: 46098 | G69: =if(OR(E69 = "", F69 = ""), "", datedif(E69,F69,"D")) -> 0 | H69: AÉREO | I69: Brasília | J69: DF | K69: BSB | L69: São Paulo | M69: SP | N69: CGH | O69: AZUL | P69: 870 | Q69: NÃO | R69: Compra de urgência | S69: NÃO | T69: 162.92 | U69: 66300 | V69: 0 | W69: =if($S69 = "NÃO", 0, if(and(UPPER($O69) = "GOL", $S69 = "SIM"), $T69+$V69, if(and(UPPER($O69) = "LATAM", $S69 = "SIM"), $T69 + $V69, "----"))) -> 0 | X69: =if($S69 = "NÃO", 0, if(and(UPPER($O69) = "GOL", $S69 = "SIM"), 0.95*($U69), if(and(UPPER($O69) = "LATAM", $S69 = "SIM"), $U69, "----"))) -> 0 | Y69: =if($W69 = "----", "Valor do reembolso?", $T69-$W69+$V69) -> 162.92 | Z69: =if($X69 = "----", "Valor do reembolso?", $U69-$X69) -> 66300
A70: 20 | B70: Diego Regal | C70: OPERAÇÕES | D70: RELACIONAMENTO INSTITUCIONAL | E70: 46098 | F70: 46098 | G70: =if(OR(E70 = "", F70 = ""), "", datedif(E70,F70,"D")) -> 0 | H70: AÉREO | I70: Brasília | J70: DF | K70: BSB | L70: São Paulo | M70: SP | N70: CGH | O70: AZUL | P70: 870 | Q70: NÃO | R70: Compra de urgência | S70: NÃO | T70: 162.92 | U70: 66300 | V70: 0 | W70: =if($S70 = "NÃO", 0, if(and(UPPER($O70) = "GOL", $S70 = "SIM"), $T70+$V70, if(and(UPPER($O70) = "LATAM", $S70 = "SIM"), $T70 + $V70, "----"))) -> 0 | X70: =if($S70 = "NÃO", 0, if(and(UPPER($O70) = "GOL", $S70 = "SIM"), 0.95*($U70), if(and(UPPER($O70) = "LATAM", $S70 = "SIM"), $U70, "----"))) -> 0 | Y70: =if($W70 = "----", "Valor do reembolso?", $T70-$W70+$V70) -> 162.92 | Z70: =if($X70 = "----", "Valor do reembolso?", $U70-$X70) -> 66300
A71: 20 | B71: Erik Anderson | C71: PEDAGÓGICO | D71: RELACIONAMENTO INSTITUCIONAL | E71: 46098 | F71: 46098 | G71: =if(OR(E71 = "", F71 = ""), "", datedif(E71,F71,"D")) -> 0 | H71: AÉREO | I71: Brasília | J71: DF | K71: BSB | L71: São Paulo | M71: SP | N71: CGH | O71: AZUL | P71: 870 | Q71: NÃO | R71: Compra de urgência | S71: NÃO | T71: 162.92 | U71: 66300 | V71: 0 | W71: =if($S71 = "NÃO", 0, if(and(UPPER($O71) = "GOL", $S71 = "SIM"), $T71+$V71, if(and(UPPER($O71) = "LATAM", $S71 = "SIM"), $T71 + $V71, "----"))) -> 0 | X71: =if($S71 = "NÃO", 0, if(and(UPPER($O71) = "GOL", $S71 = "SIM"), 0.95*($U71), if(and(UPPER($O71) = "LATAM", $S71 = "SIM"), $U71, "----"))) -> 0 | Y71: =if($W71 = "----", "Valor do reembolso?", $T71-$W71+$V71) -> 162.92 | Z71: =if($X71 = "----", "Valor do reembolso?", $U71-$X71) -> 66300
A72: 20 | B72: Helber Vieira | C72: INSTITUCIONAL | D72: RELACIONAMENTO INSTITUCIONAL | E72: 46098 | F72: 46098 | G72: =if(OR(E72 = "", F72 = ""), "", datedif(E72,F72,"D")) -> 0 | H72: AÉREO | I72: Brasília | J72: DF | K72: BSB | L72: São Paulo | M72: SP | N72: CGH | O72: AZUL | P72: 870 | Q72: NÃO | R72: Compra de urgência | S72: NÃO | T72: 162.92 | U72: 66300 | V72: 0 | W72: =if($S72 = "NÃO", 0, if(and(UPPER($O72) = "GOL", $S72 = "SIM"), $T72+$V72, if(and(UPPER($O72) = "LATAM", $S72 = "SIM"), $T72 + $V72, "----"))) -> 0 | X72: =if($S72 = "NÃO", 0, if(and(UPPER($O72) = "GOL", $S72 = "SIM"), 0.95*($U72), if(and(UPPER($O72) = "LATAM", $S72 = "SIM"), $U72, "----"))) -> 0 | Y72: =if($W72 = "----", "Valor do reembolso?", $T72-$W72+$V72) -> 162.92 | Z72: =if($X72 = "----", "Valor do reembolso?", $U72-$X72) -> 66300
A73: 21 | B73: Francisco Wericson | C73: DIREÇÃO GERAL | D73: VISITA TÉCNICA | E73: 46097 | F73: 46099 | G73: =if(OR(E73 = "", F73 = ""), "", datedif(E73,F73,"D")) -> 2 | H73: AÉREO | I73: João Pessoa | J73: PB | K73: JPA | L73: Rio de Janeiro | M73: RJ | N73: GIG | O73: GOL | P73: 1970 | Q73: NÃO | R73: Compra de urgência | S73: NÃO | T73: 3597.99 | U73: 0 | V73: 0 | W73: =if($S73 = "NÃO", 0, if(and(UPPER($O73) = "GOL", $S73 = "SIM"), $T73+$V73, if(and(UPPER($O73) = "LATAM", $S73 = "SIM"), $T73 + $V73, "----"))) -> 0 | X73: =if($S73 = "NÃO", 0, if(and(UPPER($O73) = "GOL", $S73 = "SIM"), 0.95*($U73), if(and(UPPER($O73) = "LATAM", $S73 = "SIM"), $U73, "----"))) -> 0 | Y73: =if($W73 = "----", "Valor do reembolso?", $T73-$W73+$V73) -> 3597.99 | Z73: =if($X73 = "----", "Valor do reembolso?", $U73-$X73) -> 0
A74: 21 | B74: Francisco Wericson | C74: DIREÇÃO GERAL | D74: VISITA TÉCNICA | E74: 46099 | F74: 46101 | G74: =IF(OR(E74 = "", F74 = ""), "", DATEDIF(E74,F74,"D")) -> 2 | H74: AÉREO | I74: Rio de Janeiro | J74: RJ | K74: GIG | L74: João Pessoa | M74: PB | N74: JPA | O74: GOL | P74: 1970 | Q74: NÃO | R74: Compra de urgência | S74: NÃO | T74: 2544.01 | U74: 0 | V74: 0 | W74: =IF($S74 = "NÃO", 0, IF(AND(UPPER($O74) = "GOL", $S74 = "SIM"), $T74+$V74, IF(AND(UPPER($O74) = "LATAM", $S74 = "SIM"), $T74 + $V74, "----"))) -> 0 | X74: =IF($S74 = "NÃO", 0, IF(AND(UPPER($O74) = "GOL", $S74 = "SIM"), 0.95*($U74), IF(AND(UPPER($O74) = "LATAM", $S74 = "SIM"), $U74, "----"))) -> 0 | Y74: =IF($W74 = "----", "Valor do reembolso?", $T74-$W74+$V74) -> 2544.01 | Z74: =IF($X74 = "----", "Valor do reembolso?", $U74-$X74) -> 0
A75: 22 | B75: Heraclio Felipe | C75: DIREÇÃO GERAL | D75: RELACIONAMENTO INSTITUCIONAL | E75: 46098 | F75: 46099 | G75: =if(OR(E75 = "", F75 = ""), "", datedif(E75,F75,"D")) -> 1 | H75: AÉREO | I75: São Paulo | J75: SP | K75: CGH | L75: Belo Horizonte | M75: MG | N75: CNF | O75: AZUL | P75: 490 | Q75: NÃO | R75: Compra de urgência | S75: NÃO | T75: 133.52 | U75: 66300 | V75: 0 | W75: =if($S75 = "NÃO", 0, if(and(UPPER($O75) = "GOL", $S75 = "SIM"), $T75+$V75, if(and(UPPER($O75) = "LATAM", $S75 = "SIM"), $T75 + $V75, "----"))) -> 0 | X75: =if($S75 = "NÃO", 0, if(and(UPPER($O75) = "GOL", $S75 = "SIM"), 0.95*($U75), if(and(UPPER($O75) = "LATAM", $S75 = "SIM"), $U75, "----"))) -> 0 | Y75: =if($W75 = "----", "Valor do reembolso?", $T75-$W75+$V75) -> 133.52 | Z75: =if($X75 = "----", "Valor do reembolso?", $U75-$X75) -> 66300
A76: 22 | B76: Diego Regal | C76: OPERAÇÕES | D76: RELACIONAMENTO INSTITUCIONAL | E76: 46098 | F76: 46099 | G76: =if(OR(E76 = "", F76 = ""), "", datedif(E76,F76,"D")) -> 1 | H76: AÉREO | I76: São Paulo | J76: SP | K76: CGH | L76: Belo Horizonte | M76: MG | N76: CNF | O76: AZUL | P76: 490 | Q76: NÃO | R76: Compra de urgência | S76: NÃO | T76: 133.52 | U76: 66300 | V76: 0 | W76: =if($S76 = "NÃO", 0, if(and(UPPER($O76) = "GOL", $S76 = "SIM"), $T76+$V76, if(and(UPPER($O76) = "LATAM", $S76 = "SIM"), $T76 + $V76, "----"))) -> 0 | X76: =if($S76 = "NÃO", 0, if(and(UPPER($O76) = "GOL", $S76 = "SIM"), 0.95*($U76), if(and(UPPER($O76) = "LATAM", $S76 = "SIM"), $U76, "----"))) -> 0 | Y76: =if($W76 = "----", "Valor do reembolso?", $T76-$W76+$V76) -> 133.52 | Z76: =if($X76 = "----", "Valor do reembolso?", $U76-$X76) -> 66300
A77: 22 | B77: Erik Anderson | C77: PEDAGÓGICO | D77: RELACIONAMENTO INSTITUCIONAL | E77: 46098 | F77: 46099 | G77: =if(OR(E77 = "", F77 = ""), "", datedif(E77,F77,"D")) -> 1 | H77: AÉREO | I77: São Paulo | J77: SP | K77: CGH | L77: Belo Horizonte | M77: MG | N77: CNF | O77: AZUL | P77: 490 | Q77: NÃO | R77: Compra de urgência | S77: NÃO | T77: 133.52 | U77: 66300 | V77: 0 | W77: =if($S77 = "NÃO", 0, if(and(UPPER($O77) = "GOL", $S77 = "SIM"), $T77+$V77, if(and(UPPER($O77) = "LATAM", $S77 = "SIM"), $T77 + $V77, "----"))) -> 0 | X77: =if($S77 = "NÃO", 0, if(and(UPPER($O77) = "GOL", $S77 = "SIM"), 0.95*($U77), if(and(UPPER($O77) = "LATAM", $S77 = "SIM"), $U77, "----"))) -> 0 | Y77: =if($W77 = "----", "Valor do reembolso?", $T77-$W77+$V77) -> 133.52 | Z77: =if($X77 = "----", "Valor do reembolso?", $U77-$X77) -> 66300
A78: 22 | B78: Helber Vieira | C78: INSTITUCIONAL | D78: RELACIONAMENTO INSTITUCIONAL | E78: 46098 | F78: 46099 | G78: =if(OR(E78 = "", F78 = ""), "", datedif(E78,F78,"D")) -> 1 | H78: AÉREO | I78: São Paulo | J78: SP | K78: CGH | L78: Belo Horizonte | M78: MG | N78: CNF | O78: AZUL | P78: 490 | Q78: NÃO | R78: Compra de urgência | S78: NÃO | T78: 133.52 | U78: 66300 | V78: 0 | W78: =if($S78 = "NÃO", 0, if(and(UPPER($O78) = "GOL", $S78 = "SIM"), $T78+$V78, if(and(UPPER($O78) = "LATAM", $S78 = "SIM"), $T78 + $V78, "----"))) -> 0 | X78: =if($S78 = "NÃO", 0, if(and(UPPER($O78) = "GOL", $S78 = "SIM"), 0.95*($U78), if(and(UPPER($O78) = "LATAM", $S78 = "SIM"), $U78, "----"))) -> 0 | Y78: =if($W78 = "----", "Valor do reembolso?", $T78-$W78+$V78) -> 133.52 | Z78: =if($X78 = "----", "Valor do reembolso?", $U78-$X78) -> 66300
A79: 22 | B79: Leandro Felix | C79: OPERAÇÕES | D79: RELACIONAMENTO INSTITUCIONAL | E79: 46094 | F79: 46100 | G79: =if(OR(E79 = "", F79 = ""), "", datedif(E79,F79,"D")) -> 6 | H79: AÉREO | I79: João Pessoa | J79: PB | K79: JPA | L79: Belo Horizonte | M79: MG | N79: CNF | O79: AZUL | P79: 0 | Q79: NÃO | R79: Tempo moderado | S79: SIM | T79: 152.09 | U79: 120000 | V79: 398 | W79: 0 | X79: 120000 | Y79: =if($W79 = "----", "Valor do reembolso?", $T79-$W79+$V79) -> 550.09 | Z79: =if($X79 = "----", "Valor do reembolso?", $U79-$X79) -> 0
A80: 22 | B80: Mikaella Pedrosa | C80: OPERAÇÕES | D80: RELACIONAMENTO INSTITUCIONAL | E80: 46094 | F80: 46100 | G80: =if(OR(E80 = "", F80 = ""), "", datedif(E80,F80,"D")) -> 6 | H80: AÉREO | I80: João Pessoa | J80: PB | K80: JPA | L80: Belo Horizonte | M80: MG | N80: CNF | O80: AZUL | P80: 0 | Q80: NÃO | R80: Tempo moderado | S80: SIM | T80: 152.09 | U80: 120000 | V80: 398 | W80: 0 | X80: 120000 | Y80: =if($W80 = "----", "Valor do reembolso?", $T80-$W80+$V80) -> 550.09 | Z80: =if($X80 = "----", "Valor do reembolso?", $U80-$X80) -> 0
A81: 22 | B81: Heraclio Felipe | C81: DIREÇÃO GERAL | D81: RELACIONAMENTO INSTITUCIONAL | E81: 46094 | F81: 46101 | G81: =if(OR(E81 = "", F81 = ""), "", datedif(E81,F81,"D")) -> 7 | H81: AÉREO | I81: Belo Horizonte | J81: MG | K81: CNF | L81: João Pessoa | M81: PB | N81: JPA | O81: AZUL | P81: 0 | Q81: NÃO | R81: Tempo moderado | S81: SIM | T81: 110.95 | U81: 50000 | V81: 350.3 | W81: 0 | X81: 50000 | Y81: =if($W81 = "----", "Valor do reembolso?", $T81-$W81+$V81) -> 461.25 | Z81: =if($X81 = "----", "Valor do reembolso?", $U81-$X81) -> 0
A82: 22 | B82: Diego Regal | C82: OPERAÇÕES | D82: RELACIONAMENTO INSTITUCIONAL | E82: 46094 | F82: 46101 | G82: =if(OR(E82 = "", F82 = ""), "", datedif(E82,F82,"D")) -> 7 | H82: AÉREO | I82: Belo Horizonte | J82: MG | K82: CNF | L82: João Pessoa | M82: PB | N82: JPA | O82: AZUL | P82: 0 | Q82: NÃO | R82: Tempo moderado | S82: SIM | T82: 110.95 | U82: 50000 | V82: 350.3 | W82: 0 | X82: 50000 | Y82: =if($W82 = "----", "Valor do reembolso?", $T82-$W82+$V82) -> 461.25 | Z82: =if($X82 = "----", "Valor do reembolso?", $U82-$X82) -> 0
A83: 22 | B83: Erik Anderson | C83: PEDAGÓGICO | D83: RELACIONAMENTO INSTITUCIONAL | E83: 46094 | F83: 46101 | G83: =if(OR(E83 = "", F83 = ""), "", datedif(E83,F83,"D")) -> 7 | H83: AÉREO | I83: Belo Horizonte | J83: MG | K83: CNF | L83: João Pessoa | M83: PB | N83: JPA | O83: AZUL | P83: 0 | Q83: NÃO | R83: Tempo moderado | S83: SIM | T83: 110.95 | U83: 50000 | V83: 350.3 | W83: 0 | X83: 50000 | Y83: =if($W83 = "----", "Valor do reembolso?", $T83-$W83+$V83) -> 461.25 | Z83: =if($X83 = "----", "Valor do reembolso?", $U83-$X83) -> 0
A84: 22 | B84: Helber Vieira | C84: INSTITUCIONAL | D84: RELACIONAMENTO INSTITUCIONAL | E84: 46094 | F84: 46101 | G84: =if(OR(E84 = "", F84 = ""), "", datedif(E84,F84,"D")) -> 7 | H84: AÉREO | I84: Belo Horizonte | J84: MG | K84: CNF | L84: Brasília | M84: DF | N84: BSB | Q84: NÃO | R84: Tempo moderado | S84: NÃO | V84: 0 | W84: =if($S84 = "NÃO", 0, if(and(UPPER($O84) = "GOL", $S84 = "SIM"), $T84+$V84, if(and(UPPER($O84) = "LATAM", $S84 = "SIM"), $T84 + $V84, "----"))) -> 0 | X84: =if($S84 = "NÃO", 0, if(and(UPPER($O84) = "GOL", $S84 = "SIM"), 0.95*($U84), if(and(UPPER($O84) = "LATAM", $S84 = "SIM"), $U84, "----"))) -> 0 | Y84: =if($W84 = "----", "Valor do reembolso?", $T84-$W84+$V84) -> 0 | Z84: =if($X84 = "----", "Valor do reembolso?", $U84-$X84) -> 0
A85: 22 | B85: Mikaella Pedrosa | C85: OPERAÇÕES | D85: RELACIONAMENTO INSTITUCIONAL | E85: 46094 | F85: 46101 | G85: =if(OR(E85 = "", F85 = ""), "", datedif(E85,F85,"D")) -> 7 | H85: AÉREO | I85: Belo Horizonte | J85: MG | K85: CNF | L85: João Pessoa | M85: PB | N85: JPA | O85: AZUL | P85: 0 | Q85: NÃO | R85: Tempo moderado | S85: SIM | T85: 110.95 | U85: 50000 | V85: 350.3 | W85: 0 | X85: 50000 | Y85: =if($W85 = "----", "Valor do reembolso?", $T85-$W85+$V85) -> 461.25 | Z85: =if($X85 = "----", "Valor do reembolso?", $U85-$X85) -> 0
A86: 22 | B86: Leandro Felix | C86: OPERAÇÕES | D86: RELACIONAMENTO INSTITUCIONAL | E86: 46094 | F86: 46101 | G86: =if(OR(E86 = "", F86 = ""), "", datedif(E86,F86,"D")) -> 7 | H86: AÉREO | I86: Belo Horizonte | J86: MG | K86: CNF | L86: João Pessoa | M86: PB | N86: JPA | O86: AZUL | P86: 0 | Q86: NÃO | R86: Tempo moderado | S86: SIM | T86: 110.95 | U86: 50000 | V86: 350.3 | W86: 0 | X86: 50000 | Y86: =if($W86 = "----", "Valor do reembolso?", $T86-$W86+$V86) -> 461.25 | Z86: =if($X86 = "----", "Valor do reembolso?", $U86-$X86) -> 0
A87: 22 | B87: Francisco Wericson | C87: DIREÇÃO GERAL | D87: RELACIONAMENTO INSTITUCIONAL | E87: 46098 | F87: 46101 | G87: =if(OR(E87 = "", F87 = ""), "", datedif(E87,F87,"D")) -> 3 | H87: AÉREO | I87: Belo Horizonte | J87: MG | K87: CNF | L87: João Pessoa | M87: PB | N87: JPA | O87: AZUL | P87: 0 | Q87: NÃO | R87: Compra de urgência | S87: SIM | T87: 173.56 | U87: 120000 | V87: 202.88 | W87: 0 | X87: 120000 | Y87: =if($W87 = "----", "Valor do reembolso?", $T87-$W87+$V87) -> 376.44 | Z87: =if($X87 = "----", "Valor do reembolso?", $U87-$X87) -> 0
A88: 22 | B88: Heraclio Felipe | C88: DIREÇÃO GERAL | D88: RELACIONAMENTO INSTITUCIONAL | E88: 46099 | F88: 46100 | G88: =if(OR(E88 = "", F88 = ""), "", datedif(E88,F88,"D")) -> 1 | H88: AÉREO | I88: Belo Horizonte | J88: MG | K88: CNF | L88: João Pessoa | M88: PB | N88: JPA | O88: LATAM | P88: 1700 | Q88: NÃO | R88: Compra de urgência | S88: NÃO | T88: 3605.66 | U88: 0 | V88: 0 | W88: =if($S88 = "NÃO", 0, if(and(UPPER($O88) = "GOL", $S88 = "SIM"), $T88+$V88, if(and(UPPER($O88) = "LATAM", $S88 = "SIM"), $T88 + $V88, "----"))) -> 0 | X88: =if($S88 = "NÃO", 0, if(and(UPPER($O88) = "GOL", $S88 = "SIM"), 0.95*($U88), if(and(UPPER($O88) = "LATAM", $S88 = "SIM"), $U88, "----"))) -> 0 | Y88: =if($W88 = "----", "Valor do reembolso?", $T88-$W88+$V88) -> 3605.66 | Z88: =if($X88 = "----", "Valor do reembolso?", $U88-$X88) -> 0
A89: 22 | B89: Diego Regal | C89: OPERAÇÕES | D89: RELACIONAMENTO INSTITUCIONAL | E89: 46099 | F89: 46100 | G89: =if(OR(E89 = "", F89 = ""), "", datedif(E89,F89,"D")) -> 1 | H89: AÉREO | I89: Belo Horizonte | J89: MG | K89: CNF | L89: João Pessoa | M89: PB | N89: JPA | O89: LATAM | P89: 1700 | Q89: NÃO | R89: Compra de urgência | S89: NÃO | T89: 3081.77 | U89: 0 | V89: 0 | W89: =if($S89 = "NÃO", 0, if(and(UPPER($O89) = "GOL", $S89 = "SIM"), $T89+$V89, if(and(UPPER($O89) = "LATAM", $S89 = "SIM"), $T89 + $V89, "----"))) -> 0 | X89: =if($S89 = "NÃO", 0, if(and(UPPER($O89) = "GOL", $S89 = "SIM"), 0.95*($U89), if(and(UPPER($O89) = "LATAM", $S89 = "SIM"), $U89, "----"))) -> 0 | Y89: =if($W89 = "----", "Valor do reembolso?", $T89-$W89+$V89) -> 3081.77 | Z89: =if($X89 = "----", "Valor do reembolso?", $U89-$X89) -> 0
A90: 22 | B90: Erik Anderson | C90: PEDAGÓGICO | D90: RELACIONAMENTO INSTITUCIONAL | E90: 46099 | F90: 46100 | G90: =if(OR(E90 = "", F90 = ""), "", datedif(E90,F90,"D")) -> 1 | H90: AÉREO | I90: Belo Horizonte | J90: MG | K90: CNF | L90: João Pessoa | M90: PB | N90: JPA | O90: LATAM | P90: 1700 | Q90: NÃO | R90: Compra de urgência | S90: NÃO | T90: 3605.66 | U90: 0 | V90: 0 | W90: =if($S90 = "NÃO", 0, if(and(UPPER($O90) = "GOL", $S90 = "SIM"), $T90+$V90, if(and(UPPER($O90) = "LATAM", $S90 = "SIM"), $T90 + $V90, "----"))) -> 0 | X90: =if($S90 = "NÃO", 0, if(and(UPPER($O90) = "GOL", $S90 = "SIM"), 0.95*($U90), if(and(UPPER($O90) = "LATAM", $S90 = "SIM"), $U90, "----"))) -> 0 | Y90: =if($W90 = "----", "Valor do reembolso?", $T90-$W90+$V90) -> 3605.66 | Z90: =if($X90 = "----", "Valor do reembolso?", $U90-$X90) -> 0
A91: 22 | B91: Helber Vieira | C91: INSTITUCIONAL | D91: RELACIONAMENTO INSTITUCIONAL | E91: 46099 | F91: 46100 | G91: =if(OR(E91 = "", F91 = ""), "", datedif(E91,F91,"D")) -> 1 | H91: AÉREO | I91: Belo Horizonte | J91: MG | K91: CNF | L91: Brasília | M91: DF | N91: BSB | O91: LATAM | P91: 620 | Q91: NÃO | R91: Compra de urgência | S91: NÃO | T91: 1539.17 | W91: =if($S91 = "NÃO", 0, if(and(UPPER($O91) = "GOL", $S91 = "SIM"), $T91+$V91, if(and(UPPER($O91) = "LATAM", $S91 = "SIM"), $T91 + $V91, "----"))) -> 0 | X91: =if($S91 = "NÃO", 0, if(and(UPPER($O91) = "GOL", $S91 = "SIM"), 0.95*($U91), if(and(UPPER($O91) = "LATAM", $S91 = "SIM"), $U91, "----"))) -> 0 | Y91: =if($W91 = "----", "Valor do reembolso?", $T91-$W91+$V91) -> 1539.17 | Z91: =if($X91 = "----", "Valor do reembolso?", $U91-$X91) -> 0
A92: 23 | B92: Heraclio Felipe | C92: DIREÇÃO GERAL | D92: RELACIONAMENTO INSTITUCIONAL | E92: 46103 | F92: 46104 | G92: =if(OR(E92 = "", F92 = ""), "", datedif(E92,F92,"D")) -> 1 | H92: AÉREO | I92: João Pessoa | J92: PB | K92: JPA | L92: Rio de Janeiro | M92: RJ | N92: GIG | O92: LATAM | P92: 1970 | Q92: NÃO | R92: compra de urgência | S92: NÃO | T92: 3617.15 | U92: 0 | V92: 0 | W92: =if($S92 = "NÃO", 0, if(and(UPPER($O92) = "GOL", $S92 = "SIM"), $T92+$V92, if(and(UPPER($O92) = "LATAM", $S92 = "SIM"), $T92 + $V92, "----"))) -> 0 | X92: =if($S92 = "NÃO", 0, if(and(UPPER($O92) = "GOL", $S92 = "SIM"), 0.95*($U92), if(and(UPPER($O92) = "LATAM", $S92 = "SIM"), $U92, "----"))) -> 0 | Y92: =if($W92 = "----", "Valor do reembolso?", $T92-$W92+$V92) -> 3617.15 | Z92: =if($X92 = "----", "Valor do reembolso?", $U92-$X92) -> 0
A93: 23 | B93: Heraclio Felipe | C93: DIREÇÃO GERAL | D93: RELACIONAMENTO INSTITUCIONAL | E93: 46103 | F93: 46104 | G93: =if(OR(E93 = "", F93 = ""), "", datedif(E93,F93,"D")) -> 1 | H93: AÉREO | I93: Rio de Janeiro | J93: RJ | K93: SDU | L93: João Pessoa | M93: PB | N93: JPA | O93: LATAM | P93: 1970 | Q93: NÃO | R93: compra de urgência | S93: NÃO | T93: 3159.24 | U93: 0 | V93: 0 | W93: =if($S93 = "NÃO", 0, if(and(UPPER($O93) = "GOL", $S93 = "SIM"), $T93+$V93, if(and(UPPER($O93) = "LATAM", $S93 = "SIM"), $T93 + $V93, "----"))) -> 0 | X93: =if($S93 = "NÃO", 0, if(and(UPPER($O93) = "GOL", $S93 = "SIM"), 0.95*($U93), if(and(UPPER($O93) = "LATAM", $S93 = "SIM"), $U93, "----"))) -> 0 | Y93: =if($W93 = "----", "Valor do reembolso?", $T93-$W93+$V93) -> 3159.24 | Z93: =if($X93 = "----", "Valor do reembolso?", $U93-$X93) -> 0
A94: 23 | B94: Helber Vieira | C94: INSTITUCIONAL | D94: RELACIONAMENTO INSTITUCIONAL | E94: 46103 | F94: 46104 | G94: =if(OR(E94 = "", F94 = ""), "", datedif(E94,F94,"D")) -> 1 | H94: AÉREO | I94: João Pessoa | J94: PB | K94: JPA | L94: Rio de Janeiro | M94: RJ | N94: GIG | O94: LATAM | P94: 1970 | Q94: NÃO | R94: compra de urgência | S94: NÃO | T94: 3617.15 | U94: 0 | V94: 0 | W94: =if($S94 = "NÃO", 0, if(and(UPPER($O94) = "GOL", $S94 = "SIM"), $T94+$V94, if(and(UPPER($O94) = "LATAM", $S94 = "SIM"), $T94 + $V94, "----"))) -> 0 | X94: =if($S94 = "NÃO", 0, if(and(UPPER($O94) = "GOL", $S94 = "SIM"), 0.95*($U94), if(and(UPPER($O94) = "LATAM", $S94 = "SIM"), $U94, "----"))) -> 0 | Y94: =if($W94 = "----", "Valor do reembolso?", $T94-$W94+$V94) -> 3617.15 | Z94: =if($X94 = "----", "Valor do reembolso?", $U94-$X94) -> 0
A95: 23 | B95: Helber Vieira | C95: INSTITUCIONAL | D95: RELACIONAMENTO INSTITUCIONAL | E95: 46103 | F95: 46104 | G95: =if(OR(E95 = "", F95 = ""), "", datedif(E95,F95,"D")) -> 1 | H95: AÉREO | I95: Rio de Janeiro | J95: RJ | K95: SDU | L95: João Pessoa | M95: PB | N95: JPA | O95: LATAM | P95: 1970 | Q95: NÃO | R95: compra de urgência | S95: NÃO | T95: 3159.24 | U95: 0 | V95: 0 | W95: =if($S95 = "NÃO", 0, if(and(UPPER($O95) = "GOL", $S95 = "SIM"), $T95+$V95, if(and(UPPER($O95) = "LATAM", $S95 = "SIM"), $T95 + $V95, "----"))) -> 0 | X95: =if($S95 = "NÃO", 0, if(and(UPPER($O95) = "GOL", $S95 = "SIM"), 0.95*($U95), if(and(UPPER($O95) = "LATAM", $S95 = "SIM"), $U95, "----"))) -> 0 | Y95: =if($W95 = "----", "Valor do reembolso?", $T95-$W95+$V95) -> 3159.24 | Z95: =if($X95 = "----", "Valor do reembolso?", $U95-$X95) -> 0
A96: 23 | B96: Diego Regal | C96: OPERAÇÕES | D96: RELACIONAMENTO INSTITUCIONAL | E96: 46103 | F96: 46104 | G96: =if(OR(E96 = "", F96 = ""), "", datedif(E96,F96,"D")) -> 1 | H96: AÉREO | I96: João Pessoa | J96: PB | K96: JPA | L96: Rio de Janeiro | M96: RJ | N96: GIG | O96: LATAM | P96: 1970 | Q96: NÃO | R96: compra de urgência | S96: NÃO | T96: 3617.15 | U96: 0 | V96: 0 | W96: =if($S96 = "NÃO", 0, if(and(UPPER($O96) = "GOL", $S96 = "SIM"), $T96+$V96, if(and(UPPER($O96) = "LATAM", $S96 = "SIM"), $T96 + $V96, "----"))) -> 0 | X96: =if($S96 = "NÃO", 0, if(and(UPPER($O96) = "GOL", $S96 = "SIM"), 0.95*($U96), if(and(UPPER($O96) = "LATAM", $S96 = "SIM"), $U96, "----"))) -> 0 | Y96: =if($W96 = "----", "Valor do reembolso?", $T96-$W96+$V96) -> 3617.15 | Z96: =if($X96 = "----", "Valor do reembolso?", $U96-$X96) -> 0
A97: 23 | B97: Diego Regal | C97: OPERAÇÕES | D97: RELACIONAMENTO INSTITUCIONAL | E97: 46103 | F97: 46104 | G97: =if(OR(E97 = "", F97 = ""), "", datedif(E97,F97,"D")) -> 1 | H97: AÉREO | I97: Rio de Janeiro | J97: RJ | K97: SDU | L97: João Pessoa | M97: PB | N97: JPA | O97: LATAM | P97: 1970 | Q97: NÃO | R97: compra de urgência | S97: NÃO | T97: 3159.24 | U97: 0 | V97: 0 | W97: =if($S97 = "NÃO", 0, if(and(UPPER($O97) = "GOL", $S97 = "SIM"), $T97+$V97, if(and(UPPER($O97) = "LATAM", $S97 = "SIM"), $T97 + $V97, "----"))) -> 0 | X97: =if($S97 = "NÃO", 0, if(and(UPPER($O97) = "GOL", $S97 = "SIM"), 0.95*($U97), if(and(UPPER($O97) = "LATAM", $S97 = "SIM"), $U97, "----"))) -> 0 | Y97: =if($W97 = "----", "Valor do reembolso?", $T97-$W97+$V97) -> 3159.24 | Z97: =if($X97 = "----", "Valor do reembolso?", $U97-$X97) -> 0
A98: 24 | B98: Helber Vieira | C98: INSTITUCIONAL | D98: RELACIONAMENTO INSTITUCIONAL | E98: 46099 | F98: 46101 | G98: =if(OR(E98 = "", F98 = ""), "", datedif(E98,F98,"D")) -> 2 | H98: AÉREO | I98: Brasília | J98: DF | K98: BSB | L98: João Pessoa | M98: PB | N98: JPA | O98: GOL | P98: 1700 | Q98: NÃO | R98: compra de urgência | S98: NÃO | T98: 2793.77 | U98: 0 | V98: 0 | W98: =if($S98 = "NÃO", 0, if(and(UPPER($O98) = "GOL", $S98 = "SIM"), $T98+$V98, if(and(UPPER($O98) = "LATAM", $S98 = "SIM"), $T98 + $V98, "----"))) -> 0 | X98: =if($S98 = "NÃO", 0, if(and(UPPER($O98) = "GOL", $S98 = "SIM"), 0.95*($U98), if(and(UPPER($O98) = "LATAM", $S98 = "SIM"), $U98, "----"))) -> 0 | Y98: =if($W98 = "----", "Valor do reembolso?", $T98-$W98+$V98) -> 2793.77 | Z98: =if($X98 = "----", "Valor do reembolso?", $U98-$X98) -> 0
A99: 24 | B99: Helber Vieira | C99: INSTITUCIONAL | D99: RELACIONAMENTO INSTITUCIONAL | E99: 46107 | F99: 46108 | G99: =if(OR(E99 = "", F99 = ""), "", datedif(E99,F99,"D")) -> 1 | H99: AÉREO | I99: João Pessoa | J99: PB | K99: JPA | L99: Brasília | M99: DF | N99: BSB | O99: GOL | P99: 1700 | Q99: NÃO | R99: compra de urgência | S99: NÃO | T99: 1724.99 | U99: 0 | V99: 0 | W99: =if($S99 = "NÃO", 0, if(and(UPPER($O99) = "GOL", $S99 = "SIM"), $T99+$V99, if(and(UPPER($O99) = "LATAM", $S99 = "SIM"), $T99 + $V99, "----"))) -> 0 | X99: =if($S99 = "NÃO", 0, if(and(UPPER($O99) = "GOL", $S99 = "SIM"), 0.95*($U99), if(and(UPPER($O99) = "LATAM", $S99 = "SIM"), $U99, "----"))) -> 0 | Y99: =if($W99 = "----", "Valor do reembolso?", $T99-$W99+$V99) -> 1724.99 | Z99: =if($X99 = "----", "Valor do reembolso?", $U99-$X99) -> 0
A100: 24 | B100: Roberta de Ávila | C100: PEDAGÓGICO | D100: RELACIONAMENTO INSTITUCIONAL | E100: 46099 | F100: 46101 | G100: =if(OR(E100 = "", F100 = ""), "", datedif(E100,F100,"D")) -> 2 | H100: AÉREO | I100: Brasília | J100: DF | K100: BSB | L100: João Pessoa | M100: PB | N100: JPA | O100: GOL | P100: 1700 | Q100: NÃO | R100: compra de urgência | S100: NÃO | T100: 2793.77 | U100: 0 | V100: 0 | W100: =if($S100 = "NÃO", 0, if(and(UPPER($O100) = "GOL", $S100 = "SIM"), $T100+$V100, if(and(UPPER($O100) = "LATAM", $S100 = "SIM"), $T100 + $V100, "----"))) -> 0 | X100: =if($S100 = "NÃO", 0, if(and(UPPER($O100) = "GOL", $S100 = "SIM"), 0.95*($U100), if(and(UPPER($O100) = "LATAM", $S100 = "SIM"), $U100, "----"))) -> 0 | Y100: =if($W100 = "----", "Valor do reembolso?", $T100-$W100+$V100) -> 2793.77 | Z100: =if($X100 = "----", "Valor do reembolso?", $U100-$X100) -> 0
A101: 24 | B101: Roberta de Ávila | C101: PEDAGÓGICO | D101: RELACIONAMENTO INSTITUCIONAL | E101: 46107 | F101: 46108 | G101: =if(OR(E101 = "", F101 = ""), "", datedif(E101,F101,"D")) -> 1 | H101: AÉREO | I101: João Pessoa | J101: PB | K101: JPA | L101: Brasília | M101: DF | N101: BSB | O101: GOL | P101: 1700 | Q101: NÃO | R101: compra de urgência | S101: NÃO | T101: 1724.99 | U101: 0 | V101: 0 | W101: =if($S101 = "NÃO", 0, if(and(UPPER($O101) = "GOL", $S101 = "SIM"), $T101+$V101, if(and(UPPER($O101) = "LATAM", $S101 = "SIM"), $T101 + $V101, "----"))) -> 0 | X101: =if($S101 = "NÃO", 0, if(and(UPPER($O101) = "GOL", $S101 = "SIM"), 0.95*($U101), if(and(UPPER($O101) = "LATAM", $S101 = "SIM"), $U101, "----"))) -> 0 | Y101: =if($W101 = "----", "Valor do reembolso?", $T101-$W101+$V101) -> 1724.99 | Z101: =if($X101 = "----", "Valor do reembolso?", $U101-$X101) -> 0

Sheet VIAGENS_PROXIMAS
A1: ID da viagem (interno) | B1: Nome do viajante | C1: Data da viagem | D1: Quantos dias faltam?
A2: =IFERROR(__xludf.DUMMYFUNCTION("if( isna(filter(TRECHOS_LONGOS!A:A, DATEDIF(TODAY(), TRECHOS_LONGOS!$F:$F, ""D"") <= 1)), """", filter(TRECHOS_LONGOS!A:A, DATEDIF(TODAY(), TRECHOS_LONGOS!$F:$F, ""D"") <= 1))"),"") | B2: =IFERROR(__xludf.DUMMYFUNCTION("if( isna(filter(TRECHOS_LONGOS!B:B, DATEDIF(TODAY(), TRECHOS_LONGOS!$F:$F, ""D"") <= 1)), """", filter(TRECHOS_LONGOS!B:B, DATEDIF(TODAY(), TRECHOS_LONGOS!$F:$F, ""D"") <= 1))"),"") | C2: =IFERROR(__xludf.DUMMYFUNCTION("if( isna(filter(TRECHOS_LONGOS!F:F, DATEDIF(TODAY(), TRECHOS_LONGOS!$F:$F, ""D"") <= 1)), """", filter(TRECHOS_LONGOS!F:F, DATEDIF(TODAY(), TRECHOS_LONGOS!$F:$F, ""D"") <= 1))"),"") | D2: =IFERROR(__xludf.DUMMYFUNCTION("if( isna(filter(DATEDIF(TODAY(), TRECHOS_LONGOS!$F:$F, ""D""), DATEDIF(TODAY(), TRECHOS_LONGOS!$F:$F, ""D"") <= 1)), """", filter(DATEDIF(TODAY(), TRECHOS_LONGOS!$F:$F, ""D""), DATEDIF(TODAY(), TRECHOS_LONGOS!$F:$F, ""D"") <= 1))"),"")

Sheet HOSPEDAGEM
A1: ID da viagem (Interno) | B1: Nome do viajante | C1: Hotel | D1: Data da compra | E1: Data do Check-In | F1: Data do Check-Out | G1: Duração da Estadia (Dias) | H1: Valores das Diárias (R$) | I1: Valor Médio da Diária (R$) | J1: Valor Total da Estadia (R$)
A2: 1 | B2: Vania Beneveli | C2: Rede Andrade Solmar | D2: 46014 | E2: 46026 | F2: 46029 | G2: =if(OR(E2 = "", F2 = ""), "", IF(datedif(E2,F2,"D") = 0, 1, datedif(E2,F2,"D"))) -> 3 | H2: 440,01; 504,77; 459,44 | I2: =IFERROR(__xludf.DUMMYFUNCTION("if($H2="""", """", AVERAGE(split($H2, "";"")))"),468.0733333333333) -> 468.07333 | J2: =IFERROR(__xludf.DUMMYFUNCTION("if($H2="""", """", SUM(split($H2, "";"")))"),1404.22) -> 1404.22
A3: 2 | B3: Simone Cortes | C3: Hotel Annamar Premium | D3: 46014 | E3: 46029 | F3: 46031 | G3: =if(OR(E3 = "", F3 = ""), "", IF(datedif(E3,F3,"D") = 0, 1, datedif(E3,F3,"D"))) -> 2 | H3: 565,88; 565,88 | I3: =IFERROR(__xludf.DUMMYFUNCTION("if($H3="""", """", AVERAGE(split($H3, "";"")))"),565.88) -> 565.88 | J3: =IFERROR(__xludf.DUMMYFUNCTION("if(H3="""", """", SUM(split(H3, "";"")))"),1131.76) -> 1131.76
A4: 3 | B4: Alexandre Carvalho | C4: Rede Andrade Solmar | D4: 46014 | E4: 46033 | F4: 46036 | G4: =if(OR(E4 = "", F4 = ""), "", IF(datedif(E4,F4,"D") = 0, 1, datedif(E4,F4,"D"))) -> 3 | H4: 551,5; 551,5; 565,98 | I4: =IFERROR(__xludf.DUMMYFUNCTION("if($H4="""", """", AVERAGE(split($H4, "";"")))"),556.3266666666667) -> 556.32667 | J4: =IFERROR(__xludf.DUMMYFUNCTION("if(H4="""", """", SUM(split(H4, "";"")))"),1668.98) -> 1668.98
A5: 4 | B5: Heraclio Pianco | C5: Hilton Garden Inn | D5: 46031 | E5: 46033 | F5: 46035 | G5: =if(OR(E5 = "", F5 = ""), "", IF(datedif(E5,F5,"D") = 0, 1, datedif(E5,F5,"D"))) -> 2 | H5: 445,79; 445,79 | I5: =IFERROR(__xludf.DUMMYFUNCTION("if($H5="""", """", AVERAGE(split($H5, "";"")))"),445.79) -> 445.79 | J5: =IFERROR(__xludf.DUMMYFUNCTION("if(H5="""", """", SUM(split(H5, "";"")))"),891.58) -> 891.58
A6: 4 | B6: Diego Regal | C6: Hilton Garden Inn | D6: 46032 | E6: 46033 | F6: 46035 | G6: =if(OR(E6 = "", F6 = ""), "", IF(datedif(E6,F6,"D") = 0, 1, datedif(E6,F6,"D"))) -> 2 | H6: 477,00; 477,00 | I6: =IFERROR(__xludf.DUMMYFUNCTION("if($H6="""", """", AVERAGE(split($H6, "";"")))"),477.0) -> 477 | J6: =IFERROR(__xludf.DUMMYFUNCTION("if(H6="""", """", SUM(split(H6, "";"")))"),954.0) -> 954
A7: 4 | B7: Heraclio Pianco | C7: Hilton Garden Inn | D7: 46035 | E7: 46035 | F7: 46035 | G7: =if(OR(E7 = "", F7 = ""), "", IF(datedif(E7,F7,"D") = 0, 1, datedif(E7,F7,"D"))) -> 1 | H7: 385.87 | I7: =IFERROR(__xludf.DUMMYFUNCTION("if($H7="""", """", AVERAGE(split($H7, "";"")))"),385.87) -> 385.87 | J7: =IFERROR(__xludf.DUMMYFUNCTION("if(H7="""", """", SUM(split(H7, "";"")))"),385.87) -> 385.87
A8: 4 | B8: Diego Regal | C8: Hilton Garden Inn | D8: 46035 | E8: 46035 | F8: 46035 | G8: =if(OR(E8 = "", F8 = ""), "", IF(datedif(E8,F8,"D") = 0, 1, datedif(E8,F8,"D"))) -> 1 | H8: 385.87 | I8: =IFERROR(__xludf.DUMMYFUNCTION("if($H8="""", """", AVERAGE(split($H8, "";"")))"),385.87) -> 385.87 | J8: =IFERROR(__xludf.DUMMYFUNCTION("if(H8="""", """", SUM(split(H8, "";"")))"),385.87) -> 385.87
A9: 7 | B9: Erik Anderson | C9: Hotel | D9: 46037 | E9: 46037 | F9: 46037 | G9: =if(OR(E9 = "", F9 = ""), "", IF(datedif(E9,F9,"D") = 0, 1, datedif(E9,F9,"D"))) -> 1 | H9: 456 | I9: =IFERROR(__xludf.DUMMYFUNCTION("if($H9="""", """", AVERAGE(split($H9, "";"")))"),456.0) -> 456 | J9: =IFERROR(__xludf.DUMMYFUNCTION("if(H9="""", """", SUM(split(H9, "";"")))"),456.0) -> 456
A10: 11 | B10: Erik Anderson | C10: Hotel Meliá Brasil 21 | D10: 46075 | E10: 46076 | F10: 46078 | G10: =if(OR(E10 = "", F10 = ""), "", IF(datedif(E10,F10,"D") = 0, 1, datedif(E10,F10,"D"))) -> 2 | H10: 607,25; 607,25 | I10: =IFERROR(__xludf.DUMMYFUNCTION("if($H10="""", """", AVERAGE(split($H10, "";"")))"),607.25) -> 607.25 | J10: =IFERROR(__xludf.DUMMYFUNCTION("if(H10="""", """", SUM(split(H10, "";"")))"),1214.5) -> 1214.5
A11: 11 | B11: Diego Regal | C11: Hotel Meliá Brasil 21 | D11: 46075 | E11: 46076 | F11: 46078 | G11: =if(OR(E11 = "", F11 = ""), "", IF(datedif(E11,F11,"D") = 0, 1, datedif(E11,F11,"D"))) -> 2 | H11: 607,25; 607,25 | I11: =IFERROR(__xludf.DUMMYFUNCTION("if($H11="""", """", AVERAGE(split($H11, "";"")))"),607.25) -> 607.25 | J11: =IFERROR(__xludf.DUMMYFUNCTION("if(H11="""", """", SUM(split(H11, "";"")))"),1214.5) -> 1214.5
A12: 11 | B12: Heraclio Pianco | C12: Hotel Meliá Brasil 21 | D12: 46075 | E12: 46076 | F12: 46078 | G12: =if(OR(E12 = "", F12 = ""), "", IF(datedif(E12,F12,"D") = 0, 1, datedif(E12,F12,"D"))) -> 2 | H12: 607,25; 607,25 | I12: =IFERROR(__xludf.DUMMYFUNCTION("if($H12="""", """", AVERAGE(split($H12, "";"")))"),607.25) -> 607.25 | J12: =IFERROR(__xludf.DUMMYFUNCTION("if(H12="""", """", SUM(split(H12, "";"")))"),1214.5) -> 1214.5
A13: 12 | B13: Vania Beneveli | C13: Nord Class Rio 83 | D13: 46076 | E13: 46082 | F13: 46085 | G13: =if(OR(E13 = "", F13 = ""), "", IF(datedif(E13,F13,"D") = 0, 1, datedif(E13,F13,"D"))) -> 3 | H13: 337,83; 337,83; 337,83 | I13: =IFERROR(__xludf.DUMMYFUNCTION("if($H13="""", """", AVERAGE(split($H13, "";"")))"),337.83) -> 337.83 | J13: =IFERROR(__xludf.DUMMYFUNCTION("if(H13="""", """", SUM(split(H13, "";"")))"),1013.49) -> 1013.49
A14: 13 | B14: Heraclio Pianco | C14: Hotel Meliá Brasil 21 | D14: 46081 | E14: 46083 | F14: 46084 | G14: =if(OR(E14 = "", F14 = ""), "", IF(datedif(E14,F14,"D") = 0, 1, datedif(E14,F14,"D"))) -> 1 | H14: 955.5 | I14: =IFERROR(__xludf.DUMMYFUNCTION("if($H14="""", """", AVERAGE(split($H14, "";"")))"),955.5) -> 955.5 | J14: =IFERROR(__xludf.DUMMYFUNCTION("if(H14="""", """", SUM(split(H14, "";"")))"),955.5) -> 955.5
A15: 13 | B15: Heraclio Pianco | C15: Hotel Meliá Brasil 21 | D15: 46082 | E15: 46084 | F15: 46085 | G15: =if(OR(E15 = "", F15 = ""), "", IF(datedif(E15,F15,"D") = 0, 1, datedif(E15,F15,"D"))) -> 1 | H15: 1190.11 | I15: =IFERROR(__xludf.DUMMYFUNCTION("if($H15="""", """", AVERAGE(split($H15, "";"")))"),1190.11) -> 1190.11 | J15: =IFERROR(__xludf.DUMMYFUNCTION("if(H15="""", """", SUM(split(H15, "";"")))"),1190.11) -> 1190.11
A16: 14 | B16: Leandro Felix | C16: Victory Business Hotel | D16: 46108 | E16: 46084 | F16: 46086 | G16: =if(OR(E16 = "", F16 = ""), "", IF(datedif(E16,F16,"D") = 0, 1, datedif(E16,F16,"D"))) -> 2 | H16: 251,84; 251,84 | I16: =IFERROR(__xludf.DUMMYFUNCTION("if($H16="""", """", AVERAGE(split($H16, "";"")))"),251.84) -> 251.84 | J16: =IFERROR(__xludf.DUMMYFUNCTION("if(H16="""", """", SUM(split(H16, "";"")))"),503.68) -> 503.68
A17: 14 | B17: Mikaella Pedrosa | C17: Victory Business Hotel | D17: 46108 | E17: 46084 | F17: 46086 | G17: =if(OR(E17 = "", F17 = ""), "", IF(datedif(E17,F17,"D") = 0, 1, datedif(E17,F17,"D"))) -> 2 | H17: 251,84; 251,84 | I17: =IFERROR(__xludf.DUMMYFUNCTION("if($H17="""", """", AVERAGE(split($H17, "";"")))"),251.84) -> 251.84 | J17: =IFERROR(__xludf.DUMMYFUNCTION("if(H17="""", """", SUM(split(H17, "";"")))"),503.68) -> 503.68
A18: 16 | B18: Heraclio Pianco | C18: Hotel Meliá Brasil 21 | D18: 46090 | E18: 46091 | F18: 46092 | G18: =if(OR(E18 = "", F18 = ""), "", IF(datedif(E18,F18,"D") = 0, 1, datedif(E18,F18,"D"))) -> 1 | H18: 1944.27 | I18: =IFERROR(__xludf.DUMMYFUNCTION("if($H18="""", """", AVERAGE(split($H18, "";"")))"),1944.27) -> 1944.27 | J18: =IFERROR(__xludf.DUMMYFUNCTION("if(H18="""", """", SUM(split(H18, "";"")))"),1944.27) -> 1944.27
A19: 17 | B19: Alexandre Carvalho | C19: Littoral Hotel | D19: 46078 | E19: 46093 | F19: 46095 | G19: =if(OR(E19 = "", F19 = ""), "", IF(datedif(E19,F19,"D") = 0, 1, datedif(E19,F19,"D"))) -> 2 | H19: 288,01; 288,01 | I19: =IFERROR(__xludf.DUMMYFUNCTION("if($H19="""", """", AVERAGE(split($H19, "";"")))"),288.01) -> 288.01 | J19: =IFERROR(__xludf.DUMMYFUNCTION("if(H19="""", """", SUM(split(H19, "";"")))"),576.02) -> 576.02
A20: 18 | B20: Heraclio Pianco | C20: Novo Hotel RJ Santos Dumont | D20: 46096 | E20: 46097 | F20: 46098 | G20: =if(OR(E20 = "", F20 = ""), "", IF(datedif(E20,F20,"D") = 0, 1, datedif(E20,F20,"D"))) -> 1 | H20: 700.24 | I20: =IFERROR(__xludf.DUMMYFUNCTION("if($H20="""", """", AVERAGE(split($H20, "";"")))"),700.24) -> 700.24 | J20: =IFERROR(__xludf.DUMMYFUNCTION("if(H20="""", """", SUM(split(H20, "";"")))"),700.24) -> 700.24
A21: 18 | B21: Diego Regal | C21: Novo Hotel RJ Santos Dumont | D21: 46096 | E21: 46097 | F21: 46098 | G21: =if(OR(E21 = "", F21 = ""), "", IF(datedif(E21,F21,"D") = 0, 1, datedif(E21,F21,"D"))) -> 1 | H21: 700.24 | I21: =IFERROR(__xludf.DUMMYFUNCTION("if($H21="""", """", AVERAGE(split($H21, "";"")))"),700.24) -> 700.24 | J21: =IFERROR(__xludf.DUMMYFUNCTION("if(H21="""", """", SUM(split(H21, "";"")))"),700.24) -> 700.24
A22: 18 | B22: Erik Anderson | C22: Novo Hotel RJ Santos Dumont | D22: 46096 | E22: 46097 | F22: 46098 | G22: =if(OR(E22 = "", F22 = ""), "", IF(datedif(E22,F22,"D") = 0, 1, datedif(E22,F22,"D"))) -> 1 | H22: 700.24 | I22: =IFERROR(__xludf.DUMMYFUNCTION("if($H22="""", """", AVERAGE(split($H22, "";"")))"),700.24) -> 700.24 | J22: =IFERROR(__xludf.DUMMYFUNCTION("if(H22="""", """", SUM(split(H22, "";"")))"),700.24) -> 700.24
A23: 18 | B23: Helber Vieira | C23: Novo Hotel RJ Santos Dumont | D23: 46096 | E23: 46097 | F23: 46098 | G23: =if(OR(E23 = "", F23 = ""), "", IF(datedif(E23,F23,"D") = 0, 1, datedif(E23,F23,"D"))) -> 1 | H23: 700.24 | I23: =IFERROR(__xludf.DUMMYFUNCTION("if($H23="""", """", AVERAGE(split($H23, "";"")))"),700.24) -> 700.24 | J23: =IFERROR(__xludf.DUMMYFUNCTION("if(H23="""", """", SUM(split(H23, "";"")))"),700.24) -> 700.24
A24: 20 | B24: Heraclio Pianco | C24: Wydham São Paulo Ibirapuera | D24: 46096 | E24: 46098 | F24: 46099 | G24: =if(OR(E24 = "", F24 = ""), "", IF(datedif(E24,F24,"D") = 0, 1, datedif(E24,F24,"D"))) -> 1 | H24: 642.13 | I24: =IFERROR(__xludf.DUMMYFUNCTION("if($H24="""", """", AVERAGE(split($H24, "";"")))"),642.13) -> 642.13 | J24: =IFERROR(__xludf.DUMMYFUNCTION("if(H24="""", """", SUM(split(H24, "";"")))"),642.13) -> 642.13
A25: 20 | B25: Diego Regal | C25: Wydham São Paulo Ibirapuera | D25: 46096 | E25: 46098 | F25: 46099 | G25: =if(OR(E25 = "", F25 = ""), "", IF(datedif(E25,F25,"D") = 0, 1, datedif(E25,F25,"D"))) -> 1 | H25: 642.13 | I25: =IFERROR(__xludf.DUMMYFUNCTION("if($H25="""", """", AVERAGE(split($H25, "";"")))"),642.13) -> 642.13 | J25: =IFERROR(__xludf.DUMMYFUNCTION("if(H25="""", """", SUM(split(H25, "";"")))"),642.13) -> 642.13
A26: 20 | B26: Erik Anderson | C26: Wydham São Paulo Ibirapuera | D26: 46096 | E26: 46098 | F26: 46099 | G26: =if(OR(E26 = "", F26 = ""), "", IF(datedif(E26,F26,"D") = 0, 1, datedif(E26,F26,"D"))) -> 1 | H26: 642.13 | I26: =IFERROR(__xludf.DUMMYFUNCTION("if($H26="""", """", AVERAGE(split($H26, "";"")))"),642.13) -> 642.13 | J26: =IFERROR(__xludf.DUMMYFUNCTION("if(H26="""", """", SUM(split(H26, "";"")))"),642.13) -> 642.13
A27: 20 | B27: Helber Vieira | C27: Wydham São Paulo Ibirapuera | D27: 46096 | E27: 46098 | F27: 46099 | G27: =if(OR(E27 = "", F27 = ""), "", IF(datedif(E27,F27,"D") = 0, 1, datedif(E27,F27,"D"))) -> 1 | H27: 642.13 | I27: =IFERROR(__xludf.DUMMYFUNCTION("if($H27="""", """", AVERAGE(split($H27, "";"")))"),642.13) -> 642.13 | J27: =IFERROR(__xludf.DUMMYFUNCTION("if(H27="""", """", SUM(split(H27, "";"")))"),642.13) -> 642.13
A28: 21 | B28: Francisco Wericson | C28: Victory Business Hotel | D28: 46098 | E28: 46099 | F28: 46101 | G28: =if(OR(E28 = "", F28 = ""), "", IF(datedif(E28,F28,"D") = 0, 1, datedif(E28,F28,"D"))) -> 2 | H28: 288,1; 288,1 | I28: =IFERROR(__xludf.DUMMYFUNCTION("if($H28="""", """", AVERAGE(split($H28, "";"")))"),288.1) -> 288.1 | J28: =IFERROR(__xludf.DUMMYFUNCTION("if(H28="""", """", SUM(split(H28, "";"")))"),576.2) -> 576.2
A29: 22 | B29: Heraclio Pianco | C29: Hilton Garden Inn Belo Horizonte Lourdes | D29: 46096 | E29: 46099 | F29: 46101 | G29: =if(OR(E29 = "", F29 = ""), "", IF(datedif(E29,F29,"D") = 0, 1, datedif(E29,F29,"D"))) -> 2 | H29: 646,38; 646,38 | I29: =IFERROR(__xludf.DUMMYFUNCTION("if($H29="""", """", AVERAGE(split($H29, "";"")))"),646.38) -> 646.38 | J29: =IFERROR(__xludf.DUMMYFUNCTION("if(H29="""", """", SUM(split(H29, "";"")))"),1292.76) -> 1292.76
A30: 22 | B30: Diego Regal | C30: Hilton Garden Inn Belo Horizonte Lourdes | D30: 46096 | E30: 46099 | F30: 46101 | G30: =if(OR(E30 = "", F30 = ""), "", IF(datedif(E30,F30,"D") = 0, 1, datedif(E30,F30,"D"))) -> 2 | H30: 646,38; 646,38 | I30: =IFERROR(__xludf.DUMMYFUNCTION("if($H30="""", """", AVERAGE(split($H30, "";"")))"),646.38) -> 646.38 | J30: =IFERROR(__xludf.DUMMYFUNCTION("if(H30="""", """", SUM(split(H30, "";"")))"),1292.76) -> 1292.76
A31: 22 | B31: Erik Anderson | C31: Hilton Garden Inn Belo Horizonte Lourdes | D31: 46096 | E31: 46099 | F31: 46101 | G31: =if(OR(E31 = "", F31 = ""), "", IF(datedif(E31,F31,"D") = 0, 1, datedif(E31,F31,"D"))) -> 2 | H31: 646,38; 646,38 | I31: =IFERROR(__xludf.DUMMYFUNCTION("if($H31="""", """", AVERAGE(split($H31, "";"")))"),646.38) -> 646.38 | J31: =IFERROR(__xludf.DUMMYFUNCTION("if(H31="""", """", SUM(split(H31, "";"")))"),1292.76) -> 1292.76
A32: 22 | B32: Helber Vieira | C32: Hilton Garden Inn Belo Horizonte Lourdes | D32: 46096 | E32: 46099 | F32: 46101 | G32: =if(OR(E32 = "", F32 = ""), "", IF(datedif(E32,F32,"D") = 0, 1, datedif(E32,F32,"D"))) -> 2 | H32: 646,38; 646,38 | I32: =IFERROR(__xludf.DUMMYFUNCTION("if($H32="""", """", AVERAGE(split($H32, "";"")))"),646.38) -> 646.38 | J32: =IFERROR(__xludf.DUMMYFUNCTION("if(H32="""", """", SUM(split(H32, "";"")))"),1292.76) -> 1292.76
A33: 22 | B33: Leandro Felix | C33: Hilton Garden Inn Belo Horizonte Lourdes | D33: 46097 | E33: 46100 | F33: 46101 | G33: =if(OR(E33 = "", F33 = ""), "", IF(datedif(E33,F33,"D") = 0, 1, datedif(E33,F33,"D"))) -> 1 | H33: 646.38 | I33: =IFERROR(__xludf.DUMMYFUNCTION("if($H33="""", """", AVERAGE(split($H33, "";"")))"),646.38) -> 646.38 | J33: =IFERROR(__xludf.DUMMYFUNCTION("if(H33="""", """", SUM(split(H33, "";"")))"),646.38) -> 646.38
A34: 22 | B34: Mikaella Pedrosa | C34: Hilton Garden Inn Belo Horizonte Lourdes | D34: 46097 | E34: 46100 | F34: 46101 | G34: =if(OR(E34 = "", F34 = ""), "", IF(datedif(E34,F34,"D") = 0, 1, datedif(E34,F34,"D"))) -> 1 | H34: 646.38 | I34: =IFERROR(__xludf.DUMMYFUNCTION("if($H34="""", """", AVERAGE(split($H34, "";"")))"),646.38) -> 646.38 | J34: =IFERROR(__xludf.DUMMYFUNCTION("if(H34="""", """", SUM(split(H34, "";"")))"),646.38) -> 646.38
A35: 24 | B35: Helber Vieira | E35: 46101 | F35: 46108 | G35: =if(OR(E35 = "", F35 = ""), "", IF(datedif(E35,F35,"D") = 0, 1, datedif(E35,F35,"D"))) -> 7 | I35: =IFERROR(__xludf.DUMMYFUNCTION("if($H35="""", """", AVERAGE(split($H35, "";"")))"),"") | J35: =IFERROR(__xludf.DUMMYFUNCTION("if(H35="""", """", SUM(split(H35, "";"")))"),"")
A36: 24 | B36: Roberta De Avila | E36: 46101 | F36: 46108 | G36: =if(OR(E36 = "", F36 = ""), "", IF(datedif(E36,F36,"D") = 0, 1, datedif(E36,F36,"D"))) -> 7 | I36: =IFERROR(__xludf.DUMMYFUNCTION("if($H36="""", """", AVERAGE(split($H36, "";"")))"),"") | J36: =IFERROR(__xludf.DUMMYFUNCTION("if(H36="""", """", SUM(split(H36, "";"")))"),"")
G37: =if(OR(E37 = "", F37 = ""), "", IF(datedif(E37,F37,"D") = 0, 1, datedif(E37,F37,"D"))) | I37: =IFERROR(__xludf.DUMMYFUNCTION("if($H37="""", """", AVERAGE(split($H37, "";"")))"),"") | J37: =IFERROR(__xludf.DUMMYFUNCTION("if(H37="""", """", SUM(split(H37, "";"")))"),"")
G38: =if(OR(E38 = "", F38 = ""), "", IF(datedif(E38,F38,"D") = 0, 1, datedif(E38,F38,"D"))) | I38: =IFERROR(__xludf.DUMMYFUNCTION("if($H38="""", """", AVERAGE(split($H38, "";"")))"),"") | J38: =IFERROR(__xludf.DUMMYFUNCTION("if(H38="""", """", SUM(split(H38, "";"")))"),"")
G39: =if(OR(E39 = "", F39 = ""), "", IF(datedif(E39,F39,"D") = 0, 1, datedif(E39,F39,"D"))) | I39: =IFERROR(__xludf.DUMMYFUNCTION("if($H39="""", """", AVERAGE(split($H39, "";"")))"),"") | J39: =IFERROR(__xludf.DUMMYFUNCTION("if(H39="""", """", SUM(split(H39, "";"")))"),"")
G40: =if(OR(E40 = "", F40 = ""), "", IF(datedif(E40,F40,"D") = 0, 1, datedif(E40,F40,"D"))) | I40: =IFERROR(__xludf.DUMMYFUNCTION("if($H40="""", """", AVERAGE(split($H40, "";"")))"),"") | J40: =IFERROR(__xludf.DUMMYFUNCTION("if(H40="""", """", SUM(split(H40, "";"")))"),"")
G41: =if(OR(E41 = "", F41 = ""), "", IF(datedif(E41,F41,"D") = 0, 1, datedif(E41,F41,"D"))) | I41: =IFERROR(__xludf.DUMMYFUNCTION("if($H41="""", """", AVERAGE(split($H41, "";"")))"),"") | J41: =IFERROR(__xludf.DUMMYFUNCTION("if(H41="""", """", SUM(split(H41, "";"")))"),"")
G42: =if(OR(E42 = "", F42 = ""), "", IF(datedif(E42,F42,"D") = 0, 1, datedif(E42,F42,"D"))) | I42: =IFERROR(__xludf.DUMMYFUNCTION("if($H42="""", """", AVERAGE(split($H42, "";"")))"),"") | J42: =IFERROR(__xludf.DUMMYFUNCTION("if(H42="""", """", SUM(split(H42, "";"")))"),"")
G43: =if(OR(E43 = "", F43 = ""), "", IF(datedif(E43,F43,"D") = 0, 1, datedif(E43,F43,"D"))) | I43: =IFERROR(__xludf.DUMMYFUNCTION("if($H43="""", """", AVERAGE(split($H43, "";"")))"),"") | J43: =IFERROR(__xludf.DUMMYFUNCTION("if(H43="""", """", SUM(split(H43, "";"")))"),"")
G44: =if(OR(E44 = "", F44 = ""), "", IF(datedif(E44,F44,"D") = 0, 1, datedif(E44,F44,"D"))) | I44: =IFERROR(__xludf.DUMMYFUNCTION("if($H44="""", """", AVERAGE(split($H44, "";"")))"),"") | J44: =IFERROR(__xludf.DUMMYFUNCTION("if(H44="""", """", SUM(split(H44, "";"")))"),"")
G45: =if(OR(E45 = "", F45 = ""), "", IF(datedif(E45,F45,"D") = 0, 1, datedif(E45,F45,"D"))) | I45: =IFERROR(__xludf.DUMMYFUNCTION("if($H45="""", """", AVERAGE(split($H45, "";"")))"),"") | J45: =IFERROR(__xludf.DUMMYFUNCTION("if(H45="""", """", SUM(split(H45, "";"")))"),"")
G46: =if(OR(E46 = "", F46 = ""), "", IF(datedif(E46,F46,"D") = 0, 1, datedif(E46,F46,"D"))) | I46: =IFERROR(__xludf.DUMMYFUNCTION("if($H46="""", """", AVERAGE(split($H46, "";"")))"),"") | J46: =IFERROR(__xludf.DUMMYFUNCTION("if(H46="""", """", SUM(split(H46, "";"")))"),"")
G47: =if(OR(E47 = "", F47 = ""), "", IF(datedif(E47,F47,"D") = 0, 1, datedif(E47,F47,"D"))) | I47: =IFERROR(__xludf.DUMMYFUNCTION("if($H47="""", """", AVERAGE(split($H47, "";"")))"),"") | J47: =IFERROR(__xludf.DUMMYFUNCTION("if(H47="""", """", SUM(split(H47, "";"")))"),"")
G48: =if(OR(E48 = "", F48 = ""), "", IF(datedif(E48,F48,"D") = 0, 1, datedif(E48,F48,"D"))) | I48: =IFERROR(__xludf.DUMMYFUNCTION("if($H48="""", """", AVERAGE(split($H48, "";"")))"),"") | J48: =IFERROR(__xludf.DUMMYFUNCTION("if(H48="""", """", SUM(split(H48, "";"")))"),"")
G49: =if(OR(E49 = "", F49 = ""), "", IF(datedif(E49,F49,"D") = 0, 1, datedif(E49,F49,"D"))) | I49: =IFERROR(__xludf.DUMMYFUNCTION("if($H49="""", """", AVERAGE(split($H49, "";"")))"),"") | J49: =IFERROR(__xludf.DUMMYFUNCTION("if(H49="""", """", SUM(split(H49, "";"")))"),"")
G50: =if(OR(E50 = "", F50 = ""), "", IF(datedif(E50,F50,"D") = 0, 1, datedif(E50,F50,"D"))) | I50: =IFERROR(__xludf.DUMMYFUNCTION("if($H50="""", """", AVERAGE(split($H50, "";"")))"),"") | J50: =IFERROR(__xludf.DUMMYFUNCTION("if(H50="""", """", SUM(split(H50, "";"")))"),"")
G51: =if(OR(E51 = "", F51 = ""), "", IF(datedif(E51,F51,"D") = 0, 1, datedif(E51,F51,"D"))) | I51: =IFERROR(__xludf.DUMMYFUNCTION("if($H51="""", """", AVERAGE(split($H51, "";"")))"),"") | J51: =IFERROR(__xludf.DUMMYFUNCTION("if(H51="""", """", SUM(split(H51, "";"")))"),"")
G52: =if(OR(E52 = "", F52 = ""), "", IF(datedif(E52,F52,"D") = 0, 1, datedif(E52,F52,"D"))) | I52: =IFERROR(__xludf.DUMMYFUNCTION("if($H52="""", """", AVERAGE(split($H52, "";"")))"),"") | J52: =IFERROR(__xludf.DUMMYFUNCTION("if(H52="""", """", SUM(split(H52, "";"")))"),"")
G53: =if(OR(E53 = "", F53 = ""), "", IF(datedif(E53,F53,"D") = 0, 1, datedif(E53,F53,"D"))) | I53: =IFERROR(__xludf.DUMMYFUNCTION("if($H53="""", """", AVERAGE(split($H53, "";"")))"),"") | J53: =IFERROR(__xludf.DUMMYFUNCTION("if(H53="""", """", SUM(split(H53, "";"")))"),"")
G54: =if(OR(E54 = "", F54 = ""), "", IF(datedif(E54,F54,"D") = 0, 1, datedif(E54,F54,"D"))) | I54: =IFERROR(__xludf.DUMMYFUNCTION("if($H54="""", """", AVERAGE(split($H54, "";"")))"),"") | J54: =IFERROR(__xludf.DUMMYFUNCTION("if(H54="""", """", SUM(split(H54, "";"")))"),"")
G55: =if(OR(E55 = "", F55 = ""), "", IF(datedif(E55,F55,"D") = 0, 1, datedif(E55,F55,"D"))) | I55: =IFERROR(__xludf.DUMMYFUNCTION("if($H55="""", """", AVERAGE(split($H55, "";"")))"),"") | J55: =IFERROR(__xludf.DUMMYFUNCTION("if(H55="""", """", SUM(split(H55, "";"")))"),"")
G56: =if(OR(E56 = "", F56 = ""), "", IF(datedif(E56,F56,"D") = 0, 1, datedif(E56,F56,"D"))) | I56: =IFERROR(__xludf.DUMMYFUNCTION("if($H56="""", """", AVERAGE(split($H56, "";"")))"),"") | J56: =IFERROR(__xludf.DUMMYFUNCTION("if(H56="""", """", SUM(split(H56, "";"")))"),"")
G57: =if(OR(E57 = "", F57 = ""), "", IF(datedif(E57,F57,"D") = 0, 1, datedif(E57,F57,"D"))) | I57: =IFERROR(__xludf.DUMMYFUNCTION("if($H57="""", """", AVERAGE(split($H57, "";"")))"),"") | J57: =IFERROR(__xludf.DUMMYFUNCTION("if(H57="""", """", SUM(split(H57, "";"")))"),"")
G58: =if(OR(E58 = "", F58 = ""), "", IF(datedif(E58,F58,"D") = 0, 1, datedif(E58,F58,"D"))) | I58: =IFERROR(__xludf.DUMMYFUNCTION("if($H58="""", """", AVERAGE(split($H58, "";"")))"),"") | J58: =IFERROR(__xludf.DUMMYFUNCTION("if(H58="""", """", SUM(split(H58, "";"")))"),"")
G59: =if(OR(E59 = "", F59 = ""), "", IF(datedif(E59,F59,"D") = 0, 1, datedif(E59,F59,"D"))) | I59: =IFERROR(__xludf.DUMMYFUNCTION("if($H59="""", """", AVERAGE(split($H59, "";"")))"),"") | J59: =IFERROR(__xludf.DUMMYFUNCTION("if(H59="""", """", SUM(split(H59, "";"")))"),"")
G60: =if(OR(E60 = "", F60 = ""), "", IF(datedif(E60,F60,"D") = 0, 1, datedif(E60,F60,"D"))) | I60: =IFERROR(__xludf.DUMMYFUNCTION("if($H60="""", """", AVERAGE(split($H60, "";"")))"),"") | J60: =IFERROR(__xludf.DUMMYFUNCTION("if(H60="""", """", SUM(split(H60, "";"")))"),"")
G61: =if(OR(E61 = "", F61 = ""), "", IF(datedif(E61,F61,"D") = 0, 1, datedif(E61,F61,"D"))) | I61: =IFERROR(__xludf.DUMMYFUNCTION("if($H61="""", """", AVERAGE(split($H61, "";"")))"),"") | J61: =IFERROR(__xludf.DUMMYFUNCTION("if(H61="""", """", SUM(split(H61, "";"")))"),"")
G62: =if(OR(E62 = "", F62 = ""), "", IF(datedif(E62,F62,"D") = 0, 1, datedif(E62,F62,"D"))) | I62: =IFERROR(__xludf.DUMMYFUNCTION("if($H62="""", """", AVERAGE(split($H62, "";"")))"),"") | J62: =IFERROR(__xludf.DUMMYFUNCTION("if(H62="""", """", SUM(split(H62, "";"")))"),"")
G63: =if(OR(E63 = "", F63 = ""), "", IF(datedif(E63,F63,"D") = 0, 1, datedif(E63,F63,"D"))) | I63: =IFERROR(__xludf.DUMMYFUNCTION("if($H63="""", """", AVERAGE(split($H63, "";"")))"),"") | J63: =IFERROR(__xludf.DUMMYFUNCTION("if(H63="""", """", SUM(split(H63, "";"")))"),"")
G64: =if(OR(E64 = "", F64 = ""), "", IF(datedif(E64,F64,"D") = 0, 1, datedif(E64,F64,"D"))) | I64: =IFERROR(__xludf.DUMMYFUNCTION("if($H64="""", """", AVERAGE(split($H64, "";"")))"),"") | J64: =IFERROR(__xludf.DUMMYFUNCTION("if(H64="""", """", SUM(split(H64, "";"")))"),"")
G65: =if(OR(E65 = "", F65 = ""), "", IF(datedif(E65,F65,"D") = 0, 1, datedif(E65,F65,"D"))) | I65: =IFERROR(__xludf.DUMMYFUNCTION("if($H65="""", """", AVERAGE(split($H65, "";"")))"),"") | J65: =IFERROR(__xludf.DUMMYFUNCTION("if(H65="""", """", SUM(split(H65, "";"")))"),"")
G66: =if(OR(E66 = "", F66 = ""), "", IF(datedif(E66,F66,"D") = 0, 1, datedif(E66,F66,"D"))) | I66: =IFERROR(__xludf.DUMMYFUNCTION("if($H66="""", """", AVERAGE(split($H66, "";"")))"),"") | J66: =IFERROR(__xludf.DUMMYFUNCTION("if(H66="""", """", SUM(split(H66, "";"")))"),"")
G67: =if(OR(E67 = "", F67 = ""), "", IF(datedif(E67,F67,"D") = 0, 1, datedif(E67,F67,"D"))) | I67: =IFERROR(__xludf.DUMMYFUNCTION("if($H67="""", """", AVERAGE(split($H67, "";"")))"),"") | J67: =IFERROR(__xludf.DUMMYFUNCTION("if(H67="""", """", SUM(split(H67, "";"")))"),"")
G68: =if(OR(E68 = "", F68 = ""), "", IF(datedif(E68,F68,"D") = 0, 1, datedif(E68,F68,"D"))) | I68: =IFERROR(__xludf.DUMMYFUNCTION("if($H68="""", """", AVERAGE(split($H68, "";"")))"),"") | J68: =IFERROR(__xludf.DUMMYFUNCTION("if(H68="""", """", SUM(split(H68, "";"")))"),"")
G69: =if(OR(E69 = "", F69 = ""), "", IF(datedif(E69,F69,"D") = 0, 1, datedif(E69,F69,"D"))) | I69: =IFERROR(__xludf.DUMMYFUNCTION("if($H69="""", """", AVERAGE(split($H69, "";"")))"),"") | J69: =IFERROR(__xludf.DUMMYFUNCTION("if(H69="""", """", SUM(split(H69, "";"")))"),"")
G70: =if(OR(E70 = "", F70 = ""), "", IF(datedif(E70,F70,"D") = 0, 1, datedif(E70,F70,"D"))) | I70: =IFERROR(__xludf.DUMMYFUNCTION("if($H70="""", """", AVERAGE(split($H70, "";"")))"),"") | J70: =IFERROR(__xludf.DUMMYFUNCTION("if(H70="""", """", SUM(split(H70, "";"")))"),"")
G71: =if(OR(E71 = "", F71 = ""), "", IF(datedif(E71,F71,"D") = 0, 1, datedif(E71,F71,"D"))) | I71: =IFERROR(__xludf.DUMMYFUNCTION("if($H71="""", """", AVERAGE(split($H71, "";"")))"),"") | J71: =IFERROR(__xludf.DUMMYFUNCTION("if(H71="""", """", SUM(split(H71, "";"")))"),"")
G72: =if(OR(E72 = "", F72 = ""), "", IF(datedif(E72,F72,"D") = 0, 1, datedif(E72,F72,"D"))) | I72: =IFERROR(__xludf.DUMMYFUNCTION("if($H72="""", """", AVERAGE(split($H72, "";"")))"),"") | J72: =IFERROR(__xludf.DUMMYFUNCTION("if(H72="""", """", SUM(split(H72, "";"")))"),"")
G73: =if(OR(E73 = "", F73 = ""), "", IF(datedif(E73,F73,"D") = 0, 1, datedif(E73,F73,"D"))) | I73: =IFERROR(__xludf.DUMMYFUNCTION("if($H73="""", """", AVERAGE(split($H73, "";"")))"),"") | J73: =IFERROR(__xludf.DUMMYFUNCTION("if(H73="""", """", SUM(split(H73, "";"")))"),"")
G74: =if(OR(E74 = "", F74 = ""), "", IF(datedif(E74,F74,"D") = 0, 1, datedif(E74,F74,"D"))) | I74: =IFERROR(__xludf.DUMMYFUNCTION("if($H74="""", """", AVERAGE(split($H74, "";"")))"),"") | J74: =IFERROR(__xludf.DUMMYFUNCTION("if(H74="""", """", SUM(split(H74, "";"")))"),"")
G75: =if(OR(E75 = "", F75 = ""), "", IF(datedif(E75,F75,"D") = 0, 1, datedif(E75,F75,"D"))) | I75: =IFERROR(__xludf.DUMMYFUNCTION("if($H75="""", """", AVERAGE(split($H75, "";"")))"),"") | J75: =IFERROR(__xludf.DUMMYFUNCTION("if(H75="""", """", SUM(split(H75, "";"")))"),"")
G76: =if(OR(E76 = "", F76 = ""), "", IF(datedif(E76,F76,"D") = 0, 1, datedif(E76,F76,"D"))) | I76: =IFERROR(__xludf.DUMMYFUNCTION("if($H76="""", """", AVERAGE(split($H76, "";"")))"),"") | J76: =IFERROR(__xludf.DUMMYFUNCTION("if(H76="""", """", SUM(split(H76, "";"")))"),"")
G77: =if(OR(E77 = "", F77 = ""), "", IF(datedif(E77,F77,"D") = 0, 1, datedif(E77,F77,"D"))) | I77: =IFERROR(__xludf.DUMMYFUNCTION("if($H77="""", """", AVERAGE(split($H77, "";"")))"),"") | J77: =IFERROR(__xludf.DUMMYFUNCTION("if(H77="""", """", SUM(split(H77, "";"")))"),"")
G78: =if(OR(E78 = "", F78 = ""), "", IF(datedif(E78,F78,"D") = 0, 1, datedif(E78,F78,"D"))) | I78: =IFERROR(__xludf.DUMMYFUNCTION("if($H78="""", """", AVERAGE(split($H78, "";"")))"),"") | J78: =IFERROR(__xludf.DUMMYFUNCTION("if(H78="""", """", SUM(split(H78, "";"")))"),"")
G79: =if(OR(E79 = "", F79 = ""), "", IF(datedif(E79,F79,"D") = 0, 1, datedif(E79,F79,"D"))) | I79: =IFERROR(__xludf.DUMMYFUNCTION("if($H79="""", """", AVERAGE(split($H79, "";"")))"),"") | J79: =IFERROR(__xludf.DUMMYFUNCTION("if(H79="""", """", SUM(split(H79, "";"")))"),"")
G80: =if(OR(E80 = "", F80 = ""), "", IF(datedif(E80,F80,"D") = 0, 1, datedif(E80,F80,"D"))) | I80: =IFERROR(__xludf.DUMMYFUNCTION("if($H80="""", """", AVERAGE(split($H80, "";"")))"),"") | J80: =IFERROR(__xludf.DUMMYFUNCTION("if(H80="""", """", SUM(split(H80, "";"")))"),"")
G81: =if(OR(E81 = "", F81 = ""), "", IF(datedif(E81,F81,"D") = 0, 1, datedif(E81,F81,"D"))) | I81: =IFERROR(__xludf.DUMMYFUNCTION("if($H81="""", """", AVERAGE(split($H81, "";"")))"),"") | J81: =IFERROR(__xludf.DUMMYFUNCTION("if(H81="""", """", SUM(split(H81, "";"")))"),"")
G82: =if(OR(E82 = "", F82 = ""), "", IF(datedif(E82,F82,"D") = 0, 1, datedif(E82,F82,"D"))) | I82: =IFERROR(__xludf.DUMMYFUNCTION("if($H82="""", """", AVERAGE(split($H82, "";"")))"),"") | J82: =IFERROR(__xludf.DUMMYFUNCTION("if(H82="""", """", SUM(split(H82, "";"")))"),"")
G83: =if(OR(E83 = "", F83 = ""), "", IF(datedif(E83,F83,"D") = 0, 1, datedif(E83,F83,"D"))) | I83: =IFERROR(__xludf.DUMMYFUNCTION("if($H83="""", """", AVERAGE(split($H83, "";"")))"),"") | J83: =IFERROR(__xludf.DUMMYFUNCTION("if(H83="""", """", SUM(split(H83, "";"")))"),"")
G84: =if(OR(E84 = "", F84 = ""), "", IF(datedif(E84,F84,"D") = 0, 1, datedif(E84,F84,"D"))) | I84: =IFERROR(__xludf.DUMMYFUNCTION("if($H84="""", """", AVERAGE(split($H84, "";"")))"),"") | J84: =IFERROR(__xludf.DUMMYFUNCTION("if(H84="""", """", SUM(split(H84, "";"")))"),"")
G85: =if(OR(E85 = "", F85 = ""), "", IF(datedif(E85,F85,"D") = 0, 1, datedif(E85,F85,"D"))) | I85: =IFERROR(__xludf.DUMMYFUNCTION("if($H85="""", """", AVERAGE(split($H85, "";"")))"),"") | J85: =IFERROR(__xludf.DUMMYFUNCTION("if(H85="""", """", SUM(split(H85, "";"")))"),"")
G86: =if(OR(E86 = "", F86 = ""), "", IF(datedif(E86,F86,"D") = 0, 1, datedif(E86,F86,"D"))) | I86: =IFERROR(__xludf.DUMMYFUNCTION("if($H86="""", """", AVERAGE(split($H86, "";"")))"),"") | J86: =IFERROR(__xludf.DUMMYFUNCTION("if(H86="""", """", SUM(split(H86, "";"")))"),"")
G87: =if(OR(E87 = "", F87 = ""), "", IF(datedif(E87,F87,"D") = 0, 1, datedif(E87,F87,"D"))) | I87: =IFERROR(__xludf.DUMMYFUNCTION("if($H87="""", """", AVERAGE(split($H87, "";"")))"),"") | J87: =IFERROR(__xludf.DUMMYFUNCTION("if(H87="""", """", SUM(split(H87, "";"")))"),"")
G88: =if(OR(E88 = "", F88 = ""), "", IF(datedif(E88,F88,"D") = 0, 1, datedif(E88,F88,"D"))) | I88: =IFERROR(__xludf.DUMMYFUNCTION("if($H88="""", """", AVERAGE(split($H88, "";"")))"),"") | J88: =IFERROR(__xludf.DUMMYFUNCTION("if(H88="""", """", SUM(split(H88, "";"")))"),"")
G89: =if(OR(E89 = "", F89 = ""), "", IF(datedif(E89,F89,"D") = 0, 1, datedif(E89,F89,"D"))) | I89: =IFERROR(__xludf.DUMMYFUNCTION("if($H89="""", """", AVERAGE(split($H89, "";"")))"),"") | J89: =IFERROR(__xludf.DUMMYFUNCTION("if(H89="""", """", SUM(split(H89, "";"")))"),"")
G90: =if(OR(E90 = "", F90 = ""), "", IF(datedif(E90,F90,"D") = 0, 1, datedif(E90,F90,"D"))) | I90: =IFERROR(__xludf.DUMMYFUNCTION("if($H90="""", """", AVERAGE(split($H90, "";"")))"),"") | J90: =IFERROR(__xludf.DUMMYFUNCTION("if(H90="""", """", SUM(split(H90, "";"")))"),"")
G91: =if(OR(E91 = "", F91 = ""), "", IF(datedif(E91,F91,"D") = 0, 1, datedif(E91,F91,"D"))) | I91: =IFERROR(__xludf.DUMMYFUNCTION("if($H91="""", """", AVERAGE(split($H91, "";"")))"),"") | J91: =IFERROR(__xludf.DUMMYFUNCTION("if(H91="""", """", SUM(split(H91, "";"")))"),"")
G92: =if(OR(E92 = "", F92 = ""), "", IF(datedif(E92,F92,"D") = 0, 1, datedif(E92,F92,"D"))) | I92: =IFERROR(__xludf.DUMMYFUNCTION("if($H92="""", """", AVERAGE(split($H92, "";"")))"),"") | J92: =IFERROR(__xludf.DUMMYFUNCTION("if(H92="""", """", SUM(split(H92, "";"")))"),"")
G93: =if(OR(E93 = "", F93 = ""), "", IF(datedif(E93,F93,"D") = 0, 1, datedif(E93,F93,"D"))) | I93: =IFERROR(__xludf.DUMMYFUNCTION("if($H93="""", """", AVERAGE(split($H93, "";"")))"),"") | J93: =IFERROR(__xludf.DUMMYFUNCTION("if(H93="""", """", SUM(split(H93, "";"")))"),"")
G94: =if(OR(E94 = "", F94 = ""), "", IF(datedif(E94,F94,"D") = 0, 1, datedif(E94,F94,"D"))) | I94: =IFERROR(__xludf.DUMMYFUNCTION("if($H94="""", """", AVERAGE(split($H94, "";"")))"),"") | J94: =IFERROR(__xludf.DUMMYFUNCTION("if(H94="""", """", SUM(split(H94, "";"")))"),"")
G95: =if(OR(E95 = "", F95 = ""), "", IF(datedif(E95,F95,"D") = 0, 1, datedif(E95,F95,"D"))) | I95: =IFERROR(__xludf.DUMMYFUNCTION("if($H95="""", """", AVERAGE(split($H95, "";"")))"),"") | J95: =IFERROR(__xludf.DUMMYFUNCTION("if(H95="""", """", SUM(split(H95, "";"")))"),"")
G96: =if(OR(E96 = "", F96 = ""), "", IF(datedif(E96,F96,"D") = 0, 1, datedif(E96,F96,"D"))) | I96: =IFERROR(__xludf.DUMMYFUNCTION("if($H96="""", """", AVERAGE(split($H96, "";"")))"),"") | J96: =IFERROR(__xludf.DUMMYFUNCTION("if(H96="""", """", SUM(split(H96, "";"")))"),"")
G97: =if(OR(E97 = "", F97 = ""), "", IF(datedif(E97,F97,"D") = 0, 1, datedif(E97,F97,"D"))) | I97: =IFERROR(__xludf.DUMMYFUNCTION("if($H97="""", """", AVERAGE(split($H97, "";"")))"),"") | J97: =IFERROR(__xludf.DUMMYFUNCTION("if(H97="""", """", SUM(split(H97, "";"")))"),"")
G98: =if(OR(E98 = "", F98 = ""), "", IF(datedif(E98,F98,"D") = 0, 1, datedif(E98,F98,"D"))) | I98: =IFERROR(__xludf.DUMMYFUNCTION("if($H98="""", """", AVERAGE(split($H98, "";"")))"),"") | J98: =IFERROR(__xludf.DUMMYFUNCTION("if(H98="""", """", SUM(split(H98, "";"")))"),"")
G99: =if(OR(E99 = "", F99 = ""), "", IF(datedif(E99,F99,"D") = 0, 1, datedif(E99,F99,"D"))) | I99: =IFERROR(__xludf.DUMMYFUNCTION("if($H99="""", """", AVERAGE(split($H99, "";"")))"),"") | J99: =IFERROR(__xludf.DUMMYFUNCTION("if(H99="""", """", SUM(split(H99, "";"")))"),"")
G100: =if(OR(E100 = "", F100 = ""), "", IF(datedif(E100,F100,"D") = 0, 1, datedif(E100,F100,"D"))) | I100: =IFERROR(__xludf.DUMMYFUNCTION("if($H100="""", """", AVERAGE(split($H100, "";"")))"),"") | J100: =IFERROR(__xludf.DUMMYFUNCTION("if(H100="""", """", SUM(split(H100, "";"")))"),"")
...

Sheet TRANSLADO
A1: ID da viagem (Interno) | B1: Nome do viajante | C1: Setor do viajante | D1: Motivo da viagem | E1: Empresa | F1: Origem | G1: Destino | H1: Quilometragem Estimada | I1: Data da viagem | J1: Valor (R$)
A2: 1 | B2: Vania Beneveli | C2: PEDAGÓGICO | D2: FORMAÇÃO | E2: Roberto | F2: Aeroporto | G2: Hotel | H2: 22 | I2: 46026 | J2: 100
A3: 1 | B3: Vania Beneveli | C3: PEDAGÓGICO | D3: FORMAÇÃO | E3: Roberto | F3: Hotel | G3: Aeroporto | H3: 22 | I3: 46029 | J3: 100
A4: 2 | B4: Simone Cortes | C4: PEDAGÓGICO | D4: FORMAÇÃO | E4: Roberto | F4: Aeroporto | G4: Hotel | H4: 21.2 | I4: 46029 | J4: 100
A5: 3 | B5: Alexandre Carvalho | C5: PEDAGÓGICO | D5: FORMAÇÃO | E5: Roberto | F5: Aeroporto | G5: Hotel | H5: 22 | I5: 46031 | J5: 100
A6: 3 | B6: Alexandre Carvalho | C6: PEDAGÓGICO | D6: FORMAÇÃO | E6: Roberto | F6: Hotel | G6: Aeroporto | H6: 22 | I6: 46036 | J6: 100
A7: 12 | B7: Vania Beneveli | C7: PEDAGÓGICO | D7: FORMAÇÃO | E7: Roberto | F7: Aeroporto | G7: Hotel | H7: 23 | I7: 46082 | J7: 100
A8: 12 | B8: Vania Beneveli | C8: PEDAGÓGICO | D8: FORMAÇÃO | E8: Roberto | F8: Hotel | G8: Aeroporto | H8: 23 | I8: 46085 | J8: 100
A9: 17 | B9: Alexandre Carvalho | C9: PEDAGÓGICO | D9: FORMAÇÃO | E9: Roberto | F9: Aeroporto | G9: Hotel | H9: 22 | I9: 46093 | J9: 100
A10: 17 | B10: Alexandre Carvalho | C10: PEDAGÓGICO | D10: FORMAÇÃO | E10: Roberto | F10: Estudo´play | G10: Aeroporto | H10: 15 | I10: 46095 | J10: 100
C11: Defina o setor... | D11: Defina o motivo...
C12: Defina o setor... | D12: Defina o motivo...
C13: Defina o setor... | D13: Defina o motivo...
C14: Defina o setor... | D14: Defina o motivo...
C15: Defina o setor... | D15: Defina o motivo...
C16: Defina o setor... | D16: Defina o motivo...
C17: Defina o setor... | D17: Defina o motivo...
C18: Defina o setor... | D18: Defina o motivo...
C19: Defina o setor... | D19: Defina o motivo...
C20: Defina o setor... | D20: Defina o motivo...
C21: Defina o setor... | D21: Defina o motivo...
C22: Defina o setor... | D22: Defina o motivo...
... C1999: Defina o setor... | D1999: Defina o motivo...

Sheet DADOS_POR_VIAGEM
A1: ID da viagem (Interno) | B1: Data da ida | C1: Data do retorno | D1: Duração | E1: Valor Total - Trechos Longos (R$) | F1: Valor Total - Trechos Curtos (R$) | G1: Valor Total Hospedagem (R$) | H1: Valor Total da Viagem (R$) | I1: Valor Total da Viagem (Pontos)
A2: =IFERROR(__xludf.DUMMYFUNCTION("UNIQUE(FLATTEN(UNIQUE(FILTER(TRECHOS_LONGOS!A2:A998, TRECHOS_LONGOS!A2:A998 <>"""")), UNIQUE(FILTER(TRANSLADO!A2:A998, TRANSLADO!A2:A998 <>""""))))"),1.0) -> 1 | B2: =IFERROR(__xludf.DUMMYFUNCTION("if(isna(MIN(FILTER(TRECHOS_LONGOS!$F:$F, TRECHOS_LONGOS!$A:$A = $A2))), ""Apenas translado"", MIN(FILTER(TRECHOS_LONGOS!$F:$F, TRECHOS_LONGOS!$A:$A = $A2)))"),46026.0) -> 46026 | C2: =IFERROR(__xludf.DUMMYFUNCTION("if(isna(max(FILTER(TRECHOS_LONGOS!$F:$F, TRECHOS_LONGOS!$A:$A = $A2))), ""Apenas translado"", MAX(FILTER(TRECHOS_LONGOS!$F:$F, TRECHOS_LONGOS!$A:$A = $A2)))"),46029.0) -> 46029 | D2: =if( B2 = "Apenas translado", 0, DATEDIF(B2,C2, "d")) -> 3 | E2: =SUMIF(TRECHOS_LONGOS!$A:$A, $A2, TRECHOS_LONGOS!Y:Y) -> 3989.72 | F2: =SUMIF(TRANSLADO!A:A, A2, TRANSLADO!J:J) -> 200 | G2: =SUMIF(HOSPEDAGEM!A:A, A2, HOSPEDAGEM!J:J) -> 1404.22 | H2: =if(or(E2 = "", F2 = "", G2 = ""), "", SUM(E2:G2)) -> 5593.94 | I2: =SUMIF(TRECHOS_LONGOS!$A:$A, $A2, TRECHOS_LONGOS!Z:Z) -> 0
A3: =IFERROR(__xludf.DUMMYFUNCTION("""COMPUTED_VALUE"""),2.0) -> 2 | B3: =IFERROR(__xludf.DUMMYFUNCTION("if(isna(MIN(FILTER(TRECHOS_LONGOS!$F:$F, TRECHOS_LONGOS!$A:$A = $A3))), ""Apenas translado"", MIN(FILTER(TRECHOS_LONGOS!$F:$F, TRECHOS_LONGOS!$A:$A = $A3)))"),46029.0) -> 46029 | C3: =IFERROR(__xludf.DUMMYFUNCTION("if(isna(max(FILTER(TRECHOS_LONGOS!$F:$F, TRECHOS_LONGOS!$A:$A = $A3))), ""Apenas translado"", MAX(FILTER(TRECHOS_LONGOS!$F:$F, TRECHOS_LONGOS!$A:$A = $A3)))"),46036.0) -> 46036 | D3: =if( B3 = "Apenas translado", 0, DATEDIF(B3,C3, "d")) -> 7 | E3: =SUMIF(TRECHOS_LONGOS!$A:$A, $A3, TRECHOS_LONGOS!Y:Y) -> 3156.76 | F3: =SUMIF(TRANSLADO!A:A, A3, TRANSLADO!J:J) -> 100 | G3: =SUMIF(HOSPEDAGEM!A:A, A3, HOSPEDAGEM!J:J) -> 1131.76 | H3: =if(or(E3 = "", F3 = "", G3 = ""), "", SUM(E3:G3)) -> 4388.52 | I3: =SUMIF(TRECHOS_LONGOS!$A:$A, $A3, TRECHOS_LONGOS!Z:Z) -> 0
A4: =IFERROR(__xludf.DUMMYFUNCTION("""COMPUTED_VALUE"""),3.0) -> 3 | B4: =IFERROR(__xludf.DUMMYFUNCTION("if(isna(MIN(FILTER(TRECHOS_LONGOS!$F:$F, TRECHOS_LONGOS!$A:$A = $A4))), ""Apenas translado"", MIN(FILTER(TRECHOS_LONGOS!$F:$F, TRECHOS_LONGOS!$A:$A = $A4)))"),46031.0) -> 46031 | C4: =IFERROR(__xludf.DUMMYFUNCTION("if(isna(max(FILTER(TRECHOS_LONGOS!$F:$F, TRECHOS_LONGOS!$A:$A = $A4))), ""Apenas translado"", MAX(FILTER(TRECHOS_LONGOS!$F:$F, TRECHOS_LONGOS!$A:$A = $A4)))"),46036.0) -> 46036 | D4: =if( B4 = "Apenas translado", 0, DATEDIF(B4,C4, "d")) -> 5 | E4: =SUMIF(TRECHOS_LONGOS!$A:$A, $A4, TRECHOS_LONGOS!Y:Y) -> 3156.76 | F4: =SUMIF(TRANSLADO!A:A, A4, TRANSLADO!J:J) -> 200 | G4: =SUMIF(HOSPEDAGEM!A:A, A4, HOSPEDAGEM!J:J) -> 1668.98 | H4: =if(or(E4 = "", F4 = "", G4 = ""), "", SUM(E4:G4)) -> 5025.74 | I4: =SUMIF(TRECHOS_LONGOS!$A:$A, $A4, TRECHOS_LONGOS!Z:Z) -> 0
A5: =IFERROR(__xludf.DUMMYFUNCTION("""COMPUTED_VALUE"""),4.0) -> 4 | B5: =IFERROR(__xludf.DUMMYFUNCTION("if(isna(MIN(FILTER(TRECHOS_LONGOS!$F:$F, TRECHOS_LONGOS!$A:$A = $A5))), ""Apenas translado"", MIN(FILTER(TRECHOS_LONGOS!$F:$F, TRECHOS_LONGOS!$A:$A = $A5)))"),46033.0) -> 46033 | C5: =IFERROR(__xludf.DUMMYFUNCTION("if(isna(max(FILTER(TRECHOS_LONGOS!$F:$F, TRECHOS_LONGOS!$A:$A = $A5))), ""Apenas translado"", MAX(FILTER(TRECHOS_LONGOS!$F:$F, TRECHOS_LONGOS!$A:$A = $A5)))"),46035.0) -> 46035 | D5: =if( B5 = "Apenas translado", 0, DATEDIF(B5,C5, "d")) -> 2 | E5: =SUMIF(TRECHOS_LONGOS!$A:$A, $A5, TRECHOS_LONGOS!Y:Y) -> 14356.82 | F5: =SUMIF(TRANSLADO!A:A, A5, TRANSLADO!J:J) -> 0 | G5: =SUMIF(HOSPEDAGEM!A:A, A5, HOSPEDAGEM!J:J) -> 2617.32 | H5: =if(or(E5 = "", F5 = "", G5 = ""), "", SUM(E5:G5)) -> 16974.14 | I5: =SUMIF(TRECHOS_LONGOS!$A:$A, $A5, TRECHOS_LONGOS!Z:Z) -> 0
A6: =IFERROR(__xludf.DUMMYFUNCTION("""COMPUTED_VALUE"""),5.0) -> 5 | B6: =IFERROR(__xludf.DUMMYFUNCTION("if(isna(MIN(FILTER(TRECHOS_LONGOS!$F:$F, TRECHOS_LONGOS!$A:$A = $A6))), ""Apenas translado"", MIN(FILTER(TRECHOS_LONGOS!$F:$F, TRECHOS_LONGOS!$A:$A = $A6)))"),46036.0) -> 46036 | C6: =IFERROR(__xludf.DUMMYFUNCTION("if(isna(max(FILTER(TRECHOS_LONGOS!$F:$F, TRECHOS_LONGOS!$A:$A = $A6))), ""Apenas translado"", MAX(FILTER(TRECHOS_LONGOS!$F:$F, TRECHOS_LONGOS!$A:$A = $A6)))"),46036.0) -> 46036 | D6: =if( B6 = "Apenas translado", 0, DATEDIF(B6,C6, "d")) -> 0 | E6: =SUMIF(TRECHOS_LONGOS!$A:$A, $A6, TRECHOS_LONGOS!Y:Y) -> 2610.77 | F6: =SUMIF(TRANSLADO!A:A, A6, TRANSLADO!J:J) -> 0 | G6: =SUMIF(HOSPEDAGEM!A:A, A6, HOSPEDAGEM!J:J) -> 0 | H6: =if(or(E6 = "", F6 = "", G6 = ""), "", SUM(E6:G6)) -> 2610.77 | I6: =SUMIF(TRECHOS_LONGOS!$A:$A, $A6, TRECHOS_LONGOS!Z:Z) -> 0
A7: =IFERROR(__xludf.DUMMYFUNCTION("""COMPUTED_VALUE"""),6.0) -> 6 | B7: =IFERROR(__xludf.DUMMYFUNCTION("if(isna(MIN(FILTER(TRECHOS_LONGOS!$F:$F, TRECHOS_LONGOS!$A:$A = $A7))), ""Apenas translado"", MIN(FILTER(TRECHOS_LONGOS!$F:$F, TRECHOS_LONGOS!$A:$A = $A7)))"),46037.0) -> 46037 | C7: =IFERROR(__xludf.DUMMYFUNCTION("if(isna(max(FILTER(TRECHOS_LONGOS!$F:$F, TRECHOS_LONGOS!$A:$A = $A7))), ""Apenas translado"", MAX(FILTER(TRECHOS_LONGOS!$F:$F, TRECHOS_LONGOS!$A:$A = $A7)))"),46038.0) -> 46038 | D7: =if( B7 = "Apenas translado", 0, DATEDIF(B7,C7, "d")) -> 1 | E7: =SUMIF(TRECHOS_LONGOS!$A:$A, $A7, TRECHOS_LONGOS!Y:Y) -> 12807.79 | F7: =SUMIF(TRANSLADO!A:A, A7, TRANSLADO!J:J) -> 0 | G7: =SUMIF(HOSPEDAGEM!A:A, A7, HOSPEDAGEM!J:J) -> 0 | H7: =if(or(E7 = "", F7 = "", G7 = ""), "", SUM(E7:G7)) -> 12807.79 | I7: =SUMIF(TRECHOS_LONGOS!$A:$A, $A7, TRECHOS_LONGOS!Z:Z) -> 0
A8: =IFERROR(__xludf.DUMMYFUNCTION("""COMPUTED_VALUE"""),7.0) -> 7 | B8: =IFERROR(__xludf.DUMMYFUNCTION("if(isna(MIN(FILTER(TRECHOS_LONGOS!$F:$F, TRECHOS_LONGOS!$A:$A = $A8))), ""Apenas translado"", MIN(FILTER(TRECHOS_LONGOS!$F:$F, TRECHOS_LONGOS!$A:$A = $A8)))"),46041.0) -> 46041 | C8: =IFERROR(__xludf.DUMMYFUNCTION("if(isna(max(FILTER(TRECHOS_LONGOS!$F:$F, TRECHOS_LONGOS!$A:$A = $A8))), ""Apenas translado"", MAX(FILTER(TRECHOS_LONGOS!$F:$F, TRECHOS_LONGOS!$A:$A = $A8)))"),46041.0) -> 46041 | D8: =if( B8 = "Apenas translado", 0, DATEDIF(B8,C8, "d")) -> 0 | E8: =SUMIF(TRECHOS_LONGOS!$A:$A, $A8, TRECHOS_LONGOS!Y:Y) -> 6277.36 | F8: =SUMIF(TRANSLADO!A:A, A8, TRANSLADO!J:J) -> 0 | G8: =SUMIF(HOSPEDAGEM!A:A, A8, HOSPEDAGEM!J:J) -> 456 | H8: =if(or(E8 = "", F8 = "", G8 = ""), "", SUM(E8:G8)) -> 6733.36 | I8: =SUMIF(TRECHOS_LONGOS!$A:$A, $A8, TRECHOS_LONGOS!Z:Z) -> 0
A9: =IFERROR(__xludf.DUMMYFUNCTION("""COMPUTED_VALUE"""),8.0) -> 8 | B9: =IFERROR(__xludf.DUMMYFUNCTION("if(isna(MIN(FILTER(TRECHOS_LONGOS!$F:$F, TRECHOS_LONGOS!$A:$A = $A9))), ""Apenas translado"", MIN(FILTER(TRECHOS_LONGOS!$F:$F, TRECHOS_LONGOS!$A:$A = $A9)))"),46046.0) -> 46046 | C9: =IFERROR(__xludf.DUMMYFUNCTION("if(isna(max(FILTER(TRECHOS_LONGOS!$F:$F, TRECHOS_LONGOS!$A:$A = $A9))), ""Apenas translado"", MAX(FILTER(TRECHOS_LONGOS!$F:$F, TRECHOS_LONGOS!$A:$A = $A9)))"),46046.0) -> 46046 | D9: =if( B9 = "Apenas translado", 0, DATEDIF(B9,C9, "d")) -> 0 | E9: =SUMIF(TRECHOS_LONGOS!$A:$A, $A9, TRECHOS_LONGOS!Y:Y) -> 1467.99 | F9: =SUMIF(TRANSLADO!A:A, A9, TRANSLADO!J:J) -> 0 | G9: =SUMIF(HOSPEDAGEM!A:A, A9, HOSPEDAGEM!J:J) -> 0 | H9: =if(or(E9 = "", F9 = "", G9 = ""), "", SUM(E9:G9)) -> 1467.99 | I9: =SUMIF(TRECHOS_LONGOS!$A:$A, $A9, TRECHOS_LONGOS!Z:Z) -> 0
A10: =IFERROR(__xludf.DUMMYFUNCTION("""COMPUTED_VALUE"""),9.0) -> 9 | B10: =IFERROR(__xludf.DUMMYFUNCTION("if(isna(MIN(FILTER(TRECHOS_LONGOS!$F:$F, TRECHOS_LONGOS!$A:$A = $A10))), ""Apenas translado"", MIN(FILTER(TRECHOS_LONGOS!$F:$F, TRECHOS_LONGOS!$A:$A = $A10)))"),46051.0) -> 46051 | C10: =IFERROR(__xludf.DUMMYFUNCTION("if(isna(max(FILTER(TRECHOS_LONGOS!$F:$F, TRECHOS_LONGOS!$A:$A = $A10))), ""Apenas translado"", MAX(FILTER(TRECHOS_LONGOS!$F:$F, TRECHOS_LONGOS!$A:$A = $A10)))"),46051.0) -> 46051 | D10: =if( B10 = "Apenas translado", 0, DATEDIF(B10,C10, "d")) -> 0 | E10: =SUMIF(TRECHOS_LONGOS!$A:$A, $A10, TRECHOS_LONGOS!Y:Y) -> 7319.28 | F10: =SUMIF(TRANSLADO!A:A, A10, TRANSLADO!J:J) -> 0 | G10: =SUMIF(HOSPEDAGEM!A:A, A10, HOSPEDAGEM!J:J) -> 0 | H10: =if(or(E10 = "", F10 = "", G10 = ""), "", SUM(E10:G10)) -> 7319.28 | I10: =SUMIF(TRECHOS_LONGOS!$A:$A, $A10, TRECHOS_LONGOS!Z:Z) -> 0
A11: =IFERROR(__xludf.DUMMYFUNCTION("""COMPUTED_VALUE"""),10.0) -> 10 | B11: =IFERROR(__xludf.DUMMYFUNCTION("if(isna(MIN(FILTER(TRECHOS_LONGOS!$F:$F, TRECHOS_LONGOS!$A:$A = $A11))), ""Apenas translado"", MIN(FILTER(TRECHOS_LONGOS!$F:$F, TRECHOS_LONGOS!$A:$A = $A11)))"),46072.0) -> 46072 | C11: =IFERROR(__xludf.DUMMYFUNCTION("if(isna(max(FILTER(TRECHOS_LONGOS!$F:$F, TRECHOS_LONGOS!$A:$A = $A11))), ""Apenas translado"", MAX(FILTER(TRECHOS_LONGOS!$F:$F, TRECHOS_LONGOS!$A:$A = $A11)))"),46073.0) -> 46073 | D11: =if( B11 = "Apenas translado", 0, DATEDIF(B11,C11, "d")) -> 1 | E11: =SUMIF(TRECHOS_LONGOS!$A:$A, $A11, TRECHOS_LONGOS!Y:Y) -> 9988.95 | F11: =SUMIF(TRANSLADO!A:A, A11, TRANSLADO!J:J) -> 0 | G11: =SUMIF(HOSPEDAGEM!A:A, A11, HOSPEDAGEM!J:J) -> 0 | H11: =if(or(E11 = "", F11 = "", G11 = ""), "", SUM(E11:G11)) -> 9988.95 | I11: =SUMIF(TRECHOS_LONGOS!$A:$A, $A11, TRECHOS_LONGOS!Z:Z) -> 0
A12: =IFERROR(__xludf.DUMMYFUNCTION("""COMPUTED_VALUE"""),11.0) -> 11 | B12: =IFERROR(__xludf.DUMMYFUNCTION("if(isna(MIN(FILTER(TRECHOS_LONGOS!$F:$F, TRECHOS_LONGOS!$A:$A = $A12))), ""Apenas translado"", MIN(FILTER(TRECHOS_LONGOS!$F:$F, TRECHOS_LONGOS!$A:$A = $A12)))"),46076.0) -> 46076 | C12: =IFERROR(__xludf.DUMMYFUNCTION("if(isna(max(FILTER(TRECHOS_LONGOS!$F:$F, TRECHOS_LONGOS!$A:$A = $A12))), ""Apenas translado"", MAX(FILTER(TRECHOS_LONGOS!$F:$F, TRECHOS_LONGOS!$A:$A = $A12)))"),46078.0) -> 46078 | D12: =if( B12 = "Apenas translado", 0, DATEDIF(B12,C12, "d")) -> 2 | E12: =SUMIF(TRECHOS_LONGOS!$A:$A, $A12, TRECHOS_LONGOS!Y:Y) -> 14666.3 | F12: =SUMIF(TRANSLADO!A:A, A12, TRANSLADO!J:J) -> 0 | G12: =SUMIF(HOSPEDAGEM!A:A, A12, HOSPEDAGEM!J:J) -> 3643.5 | H12: =if(or(E12 = "", F12 = "", G12 = ""), "", SUM(E12:G12)) -> 18309.8 | I12: =SUMIF(TRECHOS_LONGOS!$A:$A, $A12, TRECHOS_LONGOS!Z:Z) -> 0
A13: =IFERROR(__xludf.DUMMYFUNCTION("""COMPUTED_VALUE"""),12.0) -> 12 | B13: =IFERROR(__xludf.DUMMYFUNCTION("if(isna(MIN(FILTER(TRECHOS_LONGOS!$F:$F, TRECHOS_LONGOS!$A:$A = $A13))), ""Apenas translado"", MIN(FILTER(TRECHOS_LONGOS!$F:$F, TRECHOS_LONGOS!$A:$A = $A13)))"),46082.0) -> 46082 | C13: =IFERROR(__xludf.DUMMYFUNCTION("if(isna(max(FILTER(TRECHOS_LONGOS!$F:$F, TRECHOS_LONGOS!$A:$A = $A13))), ""Apenas translado"", MAX(FILTER(TRECHOS_LONGOS!$F:$F, TRECHOS_LONGOS!$A:$A = $A13)))"),46085.0) -> 46085 | D13: =if( B13 = "Apenas translado", 0, DATEDIF(B13,C13, "d")) -> 3 | E13: =SUMIF(TRECHOS_LONGOS!$A:$A, $A13, TRECHOS_LONGOS!Y:Y) -> 4482.76 | F13: =SUMIF(TRANSLADO!A:A, A13, TRANSLADO!J:J) -> 200 | G13: =SUMIF(HOSPEDAGEM!A:A, A13, HOSPEDAGEM!J:J) -> 1013.49 | H13: =if(or(E13 = "", F13 = "", G13 = ""), "", SUM(E13:G13)) -> 5696.25 | I13: =SUMIF(TRECHOS_LONGOS!$A:$A, $A13, TRECHOS_LONGOS!Z:Z) -> 0
A14: =IFERROR(__xludf.DUMMYFUNCTION("""COMPUTED_VALUE"""),13.0) -> 13 | B14: =IFERROR(__xludf.DUMMYFUNCTION("if(isna(MIN(FILTER(TRECHOS_LONGOS!$F:$F, TRECHOS_LONGOS!$A:$A = $A14))), ""Apenas translado"", MIN(FILTER(TRECHOS_LONGOS!$F:$F, TRECHOS_LONGOS!$A:$A = $A14)))"),46083.0) -> 46083 | C14: =IFERROR(__xludf.DUMMYFUNCTION("if(isna(max(FILTER(TRECHOS_LONGOS!$F:$F, TRECHOS_LONGOS!$A:$A = $A14))), ""Apenas translado"", MAX(FILTER(TRECHOS_LONGOS!$F:$F, TRECHOS_LONGOS!$A:$A = $A14)))"),46085.0) -> 46085 | D14: =if( B14 = "Apenas translado", 0, DATEDIF(B14,C14, "d")) -> 2 | E14: =SUMIF(TRECHOS_LONGOS!$A:$A, $A14, TRECHOS_LONGOS!Y:Y) -> 10358.73 | F14: =SUMIF(TRANSLADO!A:A, A14, TRANSLADO!J:J) -> 0 | G14: =SUMIF(HOSPEDAGEM!A:A, A14, HOSPEDAGEM!J:J) -> 2145.61 | H14: =if(or(E14 = "", F14 = "", G14 = ""), "", SUM(E14:G14)) -> 12504.34 | I14: =SUMIF(TRECHOS_LONGOS!$A:$A, $A14, TRECHOS_LONGOS!Z:Z) -> 0
A15: =IFERROR(__xludf.DUMMYFUNCTION("""COMPUTED_VALUE"""),14.0) -> 14 | B15: =IFERROR(__xludf.DUMMYFUNCTION("if(isna(MIN(FILTER(TRECHOS_LONGOS!$F:$F, TRECHOS_LONGOS!$A:$A = $A15))), ""Apenas translado"", MIN(FILTER(TRECHOS_LONGOS!$F:$F, TRECHOS_LONGOS!$A:$A = $A15)))"),46084.0) -> 46084 | C15: =IFERROR(__xludf.DUMMYFUNCTION("if(isna(max(FILTER(TRECHOS_LONGOS!$F:$F, TRECHOS_LONGOS!$A:$A = $A15))), ""Apenas translado"", MAX(FILTER(TRECHOS_LONGOS!$F:$F, TRECHOS_LONGOS!$A:$A = $A15)))"),46086.0) -> 46086 | D15: =if( B15 = "Apenas translado", 0, DATEDIF(B15,C15, "d")) -> 2 | E15: =SUMIF(TRECHOS_LONGOS!$A:$A, $A15, TRECHOS_LONGOS!Y:Y) -> 7881.6 | F15: =SUMIF(TRANSLADO!A:A, A15, TRANSLADO!J:J) -> 0 | G15: =SUMIF(HOSPEDAGEM!A:A, A15, HOSPEDAGEM!J:J) -> 1007.36 | H15: =if(or(E15 = "", F15 = "", G15 = ""), "", SUM(E15:G15)) -> 8888.96 | I15: =SUMIF(TRECHOS_LONGOS!$A:$A, $A15, TRECHOS_LONGOS!Z:Z) -> 0
A16: =IFERROR(__xludf.DUMMYFUNCTION("""COMPUTED_VALUE"""),15.0) -> 15 | B16: =IFERROR(__xludf.DUMMYFUNCTION("if(isna(MIN(FILTER(TRECHOS_LONGOS!$F:$F, TRECHOS_LONGOS!$A:$A = $A16))), ""Apenas translado"", MIN(FILTER(TRECHOS_LONGOS!$F:$F, TRECHOS_LONGOS!$A:$A = $A16)))"),46087.0) -> 46087 | C16: =IFERROR(__xludf.DUMMYFUNCTION("if(isna(max(FILTER(TRECHOS_LONGOS!$F:$F, TRECHOS_LONGOS!$A:$A = $A16))), ""Apenas translado"", MAX(FILTER(TRECHOS_LONGOS!$F:$F, TRECHOS_LONGOS!$A:$A = $A16)))"),46087.0) -> 46087 | D16: =if( B16 = "Apenas translado", 0, DATEDIF(B16,C16, "d")) -> 0 | E16: =SUMIF(TRECHOS_LONGOS!$A:$A, $A16, TRECHOS_LONGOS!Y:Y) -> 10366.44 | F16: =SUMIF(TRANSLADO!A:A, A16, TRANSLADO!J:J) -> 0 | G16: =SUMIF(HOSPEDAGEM!A:A, A16, HOSPEDAGEM!J:J) -> 0 | H16: =if(or(E16 = "", F16 = "", G16 = ""), "", SUM(E16:G16)) -> 10366.44 | I16: =SUMIF(TRECHOS_LONGOS!$A:$A, $A16, TRECHOS_LONGOS!Z:Z) -> 0
A17: =IFERROR(__xludf.DUMMYFUNCTION("""COMPUTED_VALUE"""),16.0) -> 16 | B17: =IFERROR(__xludf.DUMMYFUNCTION("if(isna(MIN(FILTER(TRECHOS_LONGOS!$F:$F, TRECHOS_LONGOS!$A:$A = $A17))), ""Apenas translado"", MIN(FILTER(TRECHOS_LONGOS!$F:$F, TRECHOS_LONGOS!$A:$A = $A17)))"),46091.0) -> 46091 | C17: =IFERROR(__xludf.DUMMYFUNCTION("if(isna(max(FILTER(TRECHOS_LONGOS!$F:$F, TRECHOS_LONGOS!$A:$A = $A17))), ""Apenas translado"", MAX(FILTER(TRECHOS_LONGOS!$F:$F, TRECHOS_LONGOS!$A:$A = $A17)))"),46092.0) -> 46092 | D17: =if( B17 = "Apenas translado", 0, DATEDIF(B17,C17, "d")) -> 1 | E17: =SUMIF(TRECHOS_LONGOS!$A:$A, $A17, TRECHOS_LONGOS!Y:Y) -> 14115.66 | F17: =SUMIF(TRANSLADO!A:A, A17, TRANSLADO!J:J) -> 0 | G17: =SUMIF(HOSPEDAGEM!A:A, A17, HOSPEDAGEM!J:J) -> 1944.27 | H17: =if(or(E17 = "", F17 = "", G17 = ""), "", SUM(E17:G17)) -> 16059.93 | I17: =SUMIF(TRECHOS_LONGOS!$A:$A, $A17, TRECHOS_LONGOS!Z:Z) -> 0
A18: =IFERROR(__xludf.DUMMYFUNCTION("""COMPUTED_VALUE"""),17.0) -> 17 | B18: =IFERROR(__xludf.DUMMYFUNCTION("if(isna(MIN(FILTER(TRECHOS_LONGOS!$F:$F, TRECHOS_LONGOS!$A:$A = $A18))), ""Apenas translado"", MIN(FILTER(TRECHOS_LONGOS!$F:$F, TRECHOS_LONGOS!$A:$A = $A18)))"),46093.0) -> 46093 | C18: =IFERROR(__xludf.DUMMYFUNCTION("if(isna(max(FILTER(TRECHOS_LONGOS!$F:$F, TRECHOS_LONGOS!$A:$A = $A18))), ""Apenas translado"", MAX(FILTER(TRECHOS_LONGOS!$F:$F, TRECHOS_LONGOS!$A:$A = $A18)))"),46095.0) -> 46095 | D18: =if( B18 = "Apenas translado", 0, DATEDIF(B18,C18, "d")) -> 2 | E18: =SUMIF(TRECHOS_LONGOS!$A:$A, $A18, TRECHOS_LONGOS!Y:Y) -> 4012.76 | F18: =SUMIF(TRANSLADO!A:A, A18, TRANSLADO!J:J) -> 200 | G18: =SUMIF(HOSPEDAGEM!A:A, A18, HOSPEDAGEM!J:J) -> 576.02 | H18: =if(or(E18 = "", F18 = "", G18 = ""), "", SUM(E18:G18)) -> 4788.78 | I18: =SUMIF(TRECHOS_LONGOS!$A:$A, $A18, TRECHOS_LONGOS!Z:Z) -> 0
A19: =IFERROR(__xludf.DUMMYFUNCTION("""COMPUTED_VALUE"""),18.0) -> 18 | B19: =IFERROR(__xludf.DUMMYFUNCTION("if(isna(MIN(FILTER(TRECHOS_LONGOS!$F:$F, TRECHOS_LONGOS!$A:$A = $A19))), ""Apenas translado"", MIN(FILTER(TRECHOS_LONGOS!$F:$F, TRECHOS_LONGOS!$A:$A = $A19)))"),46097.0) -> 46097 | C19: =IFERROR(__xludf.DUMMYFUNCTION("if(isna(max(FILTER(TRECHOS_LONGOS!$F:$F, TRECHOS_LONGOS!$A:$A = $A19))), ""Apenas translado"", MAX(FILTER(TRECHOS_LONGOS!$F:$F, TRECHOS_LONGOS!$A:$A = $A19)))"),46097.0) -> 46097 | D19: =if( B19 = "Apenas translado", 0, DATEDIF(B19,C19, "d")) -> 0 | E19: =SUMIF(TRECHOS_LONGOS!$A:$A, $A19, TRECHOS_LONGOS!Y:Y) -> 11491.86 | F19: =SUMIF(TRANSLADO!A:A, A19, TRANSLADO!J:J) -> 0 | G19: =SUMIF(HOSPEDAGEM!A:A, A19, HOSPEDAGEM!J:J) -> 2800.96 | H19: =if(or(E19 = "", F19 = "", G19 = ""), "", SUM(E19:G19)) -> 14292.82 | I19: =SUMIF(TRECHOS_LONGOS!$A:$A, $A19, TRECHOS_LONGOS!Z:Z) -> 0
A20: =IFERROR(__xludf.DUMMYFUNCTION("""COMPUTED_VALUE"""),19.0) -> 19 | B20: =IFERROR(__xludf.DUMMYFUNCTION("if(isna(MIN(FILTER(TRECHOS_LONGOS!$F:$F, TRECHOS_LONGOS!$A:$A = $A20))), ""Apenas translado"", MIN(FILTER(TRECHOS_LONGOS!$F:$F, TRECHOS_LONGOS!$A:$A = $A20)))"),46098.0) -> 46098 | C20: =IFERROR(__xludf.DUMMYFUNCTION("if(isna(max(FILTER(TRECHOS_LONGOS!$F:$F, TRECHOS_LONGOS!$A:$A = $A20))), ""Apenas translado"", MAX(FILTER(TRECHOS_LONGOS!$F:$F, TRECHOS_LONGOS!$A:$A = $A20)))"),46098.0) -> 46098 | D20: =if( B20 = "Apenas translado", 0, DATEDIF(B20,C20, "d")) -> 0 | E20: =SUMIF(TRECHOS_LONGOS!$A:$A, $A20, TRECHOS_LONGOS!Y:Y) -> 4960.04 | F20: =SUMIF(TRANSLADO!A:A, A20, TRANSLADO!J:J) -> 0 | G20: =SUMIF(HOSPEDAGEM!A:A, A20, HOSPEDAGEM!J:J) -> 0 | H20: =if(or(E20 = "", F20 = "", G20 = ""), "", SUM(E20:G20)) -> 4960.04 | I20: =SUMIF(TRECHOS_LONGOS!$A:$A, $A20, TRECHOS_LONGOS!Z:Z) -> 0
A21: =IFERROR(__xludf.DUMMYFUNCTION("""COMPUTED_VALUE"""),20.0) -> 20 | B21: =IFERROR(__xludf.DUMMYFUNCTION("if(isna(MIN(FILTER(TRECHOS_LONGOS!$F:$F, TRECHOS_LONGOS!$A:$A = $A21))), ""Apenas translado"", MIN(FILTER(TRECHOS_LONGOS!$F:$F, TRECHOS_LONGOS!$A:$A = $A21)))"),46098.0) -> 46098 | C21: =IFERROR(__xludf.DUMMYFUNCTION("if(isna(max(FILTER(TRECHOS_LONGOS!$F:$F, TRECHOS_LONGOS!$A:$A = $A21))), ""Apenas translado"", MAX(FILTER(TRECHOS_LONGOS!$F:$F, TRECHOS_LONGOS!$A:$A = $A21)))"),46098.0) -> 46098 | D21: =if( B21 = "Apenas translado", 0, DATEDIF(B21,C21, "d")) -> 0 | E21: =SUMIF(TRECHOS_LONGOS!$A:$A, $A21, TRECHOS_LONGOS!Y:Y) -> 651.68 | F21: =SUMIF(TRANSLADO!A:A, A21, TRANSLADO!J:J) -> 0 | G21: =SUMIF(HOSPEDAGEM!A:A, A21, HOSPEDAGEM!J:J) -> 2568.52 | H21: =if(or(E21 = "", F21 = "", G21 = ""), "", SUM(E21:G21)) -> 3220.2 | I21: =SUMIF(TRECHOS_LONGOS!$A:$A, $A21, TRECHOS_LONGOS!Z:Z) -> 265200
A22: =IFERROR(__xludf.DUMMYFUNCTION("""COMPUTED_VALUE"""),21.0) -> 21 | B22: =IFERROR(__xludf.DUMMYFUNCTION("if(isna(MIN(FILTER(TRECHOS_LONGOS!$F:$F, TRECHOS_LONGOS!$A:$A = $A22))), ""Apenas translado"", MIN(FILTER(TRECHOS_LONGOS!$F:$F, TRECHOS_LONGOS!$A:$A = $A22)))"),46099.0) -> 46099 | C22: =IFERROR(__xludf.DUMMYFUNCTION("if(isna(max(FILTER(TRECHOS_LONGOS!$F:$F, TRECHOS_LONGOS!$A:$A = $A22))), ""Apenas translado"", MAX(FILTER(TRECHOS_LONGOS!$F:$F, TRECHOS_LONGOS!$A:$A = $A22)))"),46101.0) -> 46101 | D22: =if( B22 = "Apenas translado", 0, DATEDIF(B22,C22, "d")) -> 2 | E22: =SUMIF(TRECHOS_LONGOS!$A:$A, $A22, TRECHOS_LONGOS!Y:Y) -> 6142 | F22: =SUMIF(TRANSLADO!A:A, A22, TRANSLADO!J:J) -> 0 | G22: =SUMIF(HOSPEDAGEM!A:A, A22, HOSPEDAGEM!J:J) -> 576.2 | H22: =if(or(E22 = "", F22 = "", G22 = ""), "", SUM(E22:G22)) -> 6718.2 | I22: =SUMIF(TRECHOS_LONGOS!$A:$A, $A22, TRECHOS_LONGOS!Z:Z) -> 0
A23: =IFERROR(__xludf.DUMMYFUNCTION("""COMPUTED_VALUE"""),22.0) -> 22 | B23: =IFERROR(__xludf.DUMMYFUNCTION("if(isna(MIN(FILTER(TRECHOS_LONGOS!$F:$F, TRECHOS_LONGOS!$A:$A = $A23))), ""Apenas translado"", MIN(FILTER(TRECHOS_LONGOS!$F:$F, TRECHOS_LONGOS!$A:$A = $A23)))"),46099.0) -> 46099 | C23: =IFERROR(__xludf.DUMMYFUNCTION("if(isna(max(FILTER(TRECHOS_LONGOS!$F:$F, TRECHOS_LONGOS!$A:$A = $A23))), ""Apenas translado"", MAX(FILTER(TRECHOS_LONGOS!$F:$F, TRECHOS_LONGOS!$A:$A = $A23)))"),46101.0) -> 46101 | D23: =if( B23 = "Apenas translado", 0, DATEDIF(B23,C23, "d")) -> 2 | E23: =SUMIF(TRECHOS_LONGOS!$A:$A, $A23, TRECHOS_LONGOS!Y:Y) -> 16149.21 | F23: =SUMIF(TRANSLADO!A:A, A23, TRANSLADO!J:J) -> 0 | G23: =SUMIF(HOSPEDAGEM!A:A, A23, HOSPEDAGEM!J:J) -> 6463.8 | H23: =if(or(E23 = "", F23 = "", G23 = ""), "", SUM(E23:G23)) -> 22613.01 | I23: =SUMIF(TRECHOS_LONGOS!$A:$A, $A23, TRECHOS_LONGOS!Z:Z) -> 265200
A24: =IFERROR(__xludf.DUMMYFUNCTION("""COMPUTED_VALUE"""),23.0) -> 23 | B24: =IFERROR(__xludf.DUMMYFUNCTION("if(isna(MIN(FILTER(TRECHOS_LONGOS!$F:$F, TRECHOS_LONGOS!$A:$A = $A24))), ""Apenas translado"", MIN(FILTER(TRECHOS_LONGOS!$F:$F, TRECHOS_LONGOS!$A:$A = $A24)))"),46104.0) -> 46104 | C24: =IFERROR(__xludf.DUMMYFUNCTION("if(isna(max(FILTER(TRECHOS_LONGOS!$F:$F, TRECHOS_LONGOS!$A:$A = $A24))), ""Apenas translado"", MAX(FILTER(TRECHOS_LONGOS!$F:$F, TRECHOS_LONGOS!$A:$A = $A24)))"),46104.0) -> 46104 | D24: =if( B24 = "Apenas translado", 0, DATEDIF(B24,C24, "d")) -> 0 | E24: =SUMIF(TRECHOS_LONGOS!$A:$A, $A24, TRECHOS_LONGOS!Y:Y) -> 20329.17 | F24: =SUMIF(TRANSLADO!A:A, A24, TRANSLADO!J:J) -> 0 | G24: =SUMIF(HOSPEDAGEM!A:A, A24, HOSPEDAGEM!J:J) -> 0 | H24: =if(or(E24 = "", F24 = "", G24 = ""), "", SUM(E24:G24)) -> 20329.17 | I24: =SUMIF(TRECHOS_LONGOS!$A:$A, $A24, TRECHOS_LONGOS!Z:Z) -> 0
A25: =IFERROR(__xludf.DUMMYFUNCTION("""COMPUTED_VALUE"""),24.0) -> 24 | B25: =IFERROR(__xludf.DUMMYFUNCTION("if(isna(MIN(FILTER(TRECHOS_LONGOS!$F:$F, TRECHOS_LONGOS!$A:$A = $A25))), ""Apenas translado"", MIN(FILTER(TRECHOS_LONGOS!$F:$F, TRECHOS_LONGOS!$A:$A = $A25)))"),46101.0) -> 46101 | C25: =IFERROR(__xludf.DUMMYFUNCTION("if(isna(max(FILTER(TRECHOS_LONGOS!$F:$F, TRECHOS_LONGOS!$A:$A = $A25))), ""Apenas translado"", MAX(FILTER(TRECHOS_LONGOS!$F:$F, TRECHOS_LONGOS!$A:$A = $A25)))"),46108.0) -> 46108 | D25: =if( B25 = "Apenas translado", 0, DATEDIF(B25,C25, "d")) -> 7 | E25: =SUMIF(TRECHOS_LONGOS!$A:$A, $A25, TRECHOS_LONGOS!Y:Y) -> 9037.52 | F25: =SUMIF(TRANSLADO!A:A, A25, TRANSLADO!J:J) -> 0 | G25: =SUMIF(HOSPEDAGEM!A:A, A25, HOSPEDAGEM!J:J) -> 0 | H25: =if(or(E25 = "", F25 = "", G25 = ""), "", SUM(E25:G25)) -> 9037.52 | I25: =SUMIF(TRECHOS_LONGOS!$A:$A, $A25, TRECHOS_LONGOS!Z:Z) -> 0
B26: =IFERROR(__xludf.DUMMYFUNCTION("if(isna(MIN(FILTER(TRECHOS_LONGOS!$F:$F, TRECHOS_LONGOS!$A:$A = $A26))), ""Apenas translado"", MIN(FILTER(TRECHOS_LONGOS!$F:$F, TRECHOS_LONGOS!$A:$A = $A26)))"),"Apenas translado") -> Apenas translado | C26: =IFERROR(__xludf.DUMMYFUNCTION("if(isna(max(FILTER(TRECHOS_LONGOS!$F:$F, TRECHOS_LONGOS!$A:$A = $A26))), ""Apenas translado"", MAX(FILTER(TRECHOS_LONGOS!$F:$F, TRECHOS_LONGOS!$A:$A = $A26)))"),"Apenas translado") -> Apenas translado | D26: =if( B26 = "Apenas translado", 0, DATEDIF(B26,C26, "d")) -> 0 | E26: =SUMIF(TRECHOS_LONGOS!$A:$A, $A26, TRECHOS_LONGOS!Y:Y) -> 0 | F26: =SUMIF(TRANSLADO!A:A, A26, TRANSLADO!J:J) -> 0 | G26: =SUMIF(HOSPEDAGEM!A:A, A26, HOSPEDAGEM!J:J) -> 0 | H26: =if(or(E26 = "", F26 = "", G26 = ""), "", SUM(E26:G26)) -> 0 | I26: =SUMIF(TRECHOS_LONGOS!$A:$A, $A26, TRECHOS_LONGOS!Z:Z) -> 0
B27: =IFERROR(__xludf.DUMMYFUNCTION("if(isna(MIN(FILTER(TRECHOS_LONGOS!$F:$F, TRECHOS_LONGOS!$A:$A = $A27))), ""Apenas translado"", MIN(FILTER(TRECHOS_LONGOS!$F:$F, TRECHOS_LONGOS!$A:$A = $A27)))"),"Apenas translado") -> Apenas translado | C27: =IFERROR(__xludf.DUMMYFUNCTION("if(isna(max(FILTER(TRECHOS_LONGOS!$F:$F, TRECHOS_LONGOS!$A:$A = $A27))), ""Apenas translado"", MAX(FILTER(TRECHOS_LONGOS!$F:$F, TRECHOS_LONGOS!$A:$A = $A27)))"),"Apenas translado") -> Apenas translado | D27: =if( B27 = "Apenas translado", 0, DATEDIF(B27,C27, "d")) -> 0 | E27: =SUMIF(TRECHOS_LONGOS!$A:$A, $A27, TRECHOS_LONGOS!Y:Y) -> 0 | F27: =SUMIF(TRANSLADO!A:A, A27, TRANSLADO!J:J) -> 0 | G27: =SUMIF(HOSPEDAGEM!A:A, A27, HOSPEDAGEM!J:J) -> 0 | H27: =if(or(E27 = "", F27 = "", G27 = ""), "", SUM(E27:G27)) -> 0 | I27: =SUMIF(TRECHOS_LONGOS!$A:$A, $A27, TRECHOS_LONGOS!Z:Z) -> 0
B28: =IFERROR(__xludf.DUMMYFUNCTION("if(isna(MIN(FILTER(TRECHOS_LONGOS!$F:$F, TRECHOS_LONGOS!$A:$A = $A28))), ""Apenas translado"", MIN(FILTER(TRECHOS_LONGOS!$F:$F, TRECHOS_LONGOS!$A:$A = $A28)))"),"Apenas translado") -> Apenas translado | C28: =IFERROR(__xludf.DUMMYFUNCTION("if(isna(max(FILTER(TRECHOS_LONGOS!$F:$F, TRECHOS_LONGOS!$A:$A = $A28))), ""Apenas translado"", MAX(FILTER(TRECHOS_LONGOS!$F:$F, TRECHOS_LONGOS!$A:$A = $A28)))"),"Apenas translado") -> Apenas translado | D28: =if( B28 = "Apenas translado", 0, DATEDIF(B28,C28, "d")) -> 0 | E28: =SUMIF(TRECHOS_LONGOS!$A:$A, $A28, TRECHOS_LONGOS!Y:Y) -> 0 | F28: =SUMIF(TRANSLADO!A:A, A28, TRANSLADO!J:J) -> 0 | G28: =SUMIF(HOSPEDAGEM!A:A, A28, HOSPEDAGEM!J:J) -> 0 | H28: =if(or(E28 = "", F28 = "", G28 = ""), "", SUM(E28:G28)) -> 0 | I28: =SUMIF(TRECHOS_LONGOS!$A:$A, $A28, TRECHOS_LONGOS!Z:Z) -> 0
B29: =IFERROR(__xludf.DUMMYFUNCTION("if(isna(MIN(FILTER(TRECHOS_LONGOS!$F:$F, TRECHOS_LONGOS!$A:$A = $A29))), ""Apenas translado"", MIN(FILTER(TRECHOS_LONGOS!$F:$F, TRECHOS_LONGOS!$A:$A = $A29)))"),"Apenas translado") -> Apenas translado | C29: =IFERROR(__xludf.DUMMYFUNCTION("if(isna(max(FILTER(TRECHOS_LONGOS!$F:$F, TRECHOS_LONGOS!$A:$A = $A29))), ""Apenas translado"", MAX(FILTER(TRECHOS_LONGOS!$F:$F, TRECHOS_LONGOS!$A:$A = $A29)))"),"Apenas translado") -> Apenas translado | D29: =if( B29 = "Apenas translado", 0, DATEDIF(B29,C29, "d")) -> 0 | E29: =SUMIF(TRECHOS_LONGOS!$A:$A, $A29, TRECHOS_LONGOS!Y:Y) -> 0 | F29: =SUMIF(TRANSLADO!A:A, A29, TRANSLADO!J:J) -> 0 | G29: =SUMIF(HOSPEDAGEM!A:A, A29, HOSPEDAGEM!J:J) -> 0 | H29: =if(or(E29 = "", F29 = "", G29 = ""), "", SUM(E29:G29)) -> 0 | I29: =SUMIF(TRECHOS_LONGOS!$A:$A, $A29, TRECHOS_LONGOS!Z:Z) -> 0
B30: =IFERROR(__xludf.DUMMYFUNCTION("if(isna(MIN(FILTER(TRECHOS_LONGOS!$F:$F, TRECHOS_LONGOS!$A:$A = $A30))), ""Apenas translado"", MIN(FILTER(TRECHOS_LONGOS!$F:$F, TRECHOS_LONGOS!$A:$A = $A30)))"),"Apenas translado") -> Apenas translado | C30: =IFERROR(__xludf.DUMMYFUNCTION("if(isna(max(FILTER(TRECHOS_LONGOS!$F:$F, TRECHOS_LONGOS!$A:$A = $A30))), ""Apenas translado"", MAX(FILTER(TRECHOS_LONGOS!$F:$F, TRECHOS_LONGOS!$A:$A = $A30)))"),"Apenas translado") -> Apenas translado | D30: =if( B30 = "Apenas translado", 0, DATEDIF(B30,C30, "d")) -> 0 | E30: =SUMIF(TRECHOS_LONGOS!$A:$A, $A30, TRECHOS_LONGOS!Y:Y) -> 0 | F30: =SUMIF(TRANSLADO!A:A, A30, TRANSLADO!J:J) -> 0 | G30: =SUMIF(HOSPEDAGEM!A:A, A30, HOSPEDAGEM!J:J) -> 0 | H30: =if(or(E30 = "", F30 = "", G30 = ""), "", SUM(E30:G30)) -> 0 | I30: =SUMIF(TRECHOS_LONGOS!$A:$A, $A30, TRECHOS_LONGOS!Z:Z) -> 0
B31: =IFERROR(__xludf.DUMMYFUNCTION("if(isna(MIN(FILTER(TRECHOS_LONGOS!$F:$F, TRECHOS_LONGOS!$A:$A = $A31))), ""Apenas translado"", MIN(FILTER(TRECHOS_LONGOS!$F:$F, TRECHOS_LONGOS!$A:$A = $A31)))"),"Apenas translado") -> Apenas translado | C31: =IFERROR(__xludf.DUMMYFUNCTION("if(isna(max(FILTER(TRECHOS_LONGOS!$F:$F, TRECHOS_LONGOS!$A:$A = $A31))), ""Apenas translado"", MAX(FILTER(TRECHOS_LONGOS!$F:$F, TRECHOS_LONGOS!$A:$A = $A31)))"),"Apenas translado") -> Apenas translado | D31: =if( B31 = "Apenas translado", 0, DATEDIF(B31,C31, "d")) -> 0 | E31: =SUMIF(TRECHOS_LONGOS!$A:$A, $A31, TRECHOS_LONGOS!Y:Y) -> 0 | F31: =SUMIF(TRANSLADO!A:A, A31, TRANSLADO!J:J) -> 0 | G31: =SUMIF(HOSPEDAGEM!A:A, A31, HOSPEDAGEM!J:J) -> 0 | H31: =if(or(E31 = "", F31 = "", G31 = ""), "", SUM(E31:G31)) -> 0 | I31: =SUMIF(TRECHOS_LONGOS!$A:$A, $A31, TRECHOS_LONGOS!Z:Z) -> 0
B32: =IFERROR(__xludf.DUMMYFUNCTION("if(isna(MIN(FILTER(TRECHOS_LONGOS!$F:$F, TRECHOS_LONGOS!$A:$A = $A32))), ""Apenas translado"", MIN(FILTER(TRECHOS_LONGOS!$F:$F, TRECHOS_LONGOS!$A:$A = $A32)))"),"Apenas translado") -> Apenas translado | C32: =IFERROR(__xludf.DUMMYFUNCTION("if(isna(max(FILTER(TRECHOS_LONGOS!$F:$F, TRECHOS_LONGOS!$A:$A = $A32))), ""Apenas translado"", MAX(FILTER(TRECHOS_LONGOS!$F:$F, TRECHOS_LONGOS!$A:$A = $A32)))"),"Apenas translado") -> Apenas translado | D32: =if( B32 = "Apenas translado", 0, DATEDIF(B32,C32, "d")) -> 0 | E32: =SUMIF(TRECHOS_LONGOS!$A:$A, $A32, TRECHOS_LONGOS!Y:Y) -> 0 | F32: =SUMIF(TRANSLADO!A:A, A32, TRANSLADO!J:J) -> 0 | G32: =SUMIF(HOSPEDAGEM!A:A, A32, HOSPEDAGEM!J:J) -> 0 | H32: =if(or(E32 = "", F32 = "", G32 = ""), "", SUM(E32:G32)) -> 0 | I32: =SUMIF(TRECHOS_LONGOS!$A:$A, $A32, TRECHOS_LONGOS!Z:Z) -> 0
B33: =IFERROR(__xludf.DUMMYFUNCTION("if(isna(MIN(FILTER(TRECHOS_LONGOS!$F:$F, TRECHOS_LONGOS!$A:$A = $A33))), ""Apenas translado"", MIN(FILTER(TRECHOS_LONGOS!$F:$F, TRECHOS_LONGOS!$A:$A = $A33)))"),"Apenas translado") -> Apenas translado | C33: =IFERROR(__xludf.DUMMYFUNCTION("if(isna(max(FILTER(TRECHOS_LONGOS!$F:$F, TRECHOS_LONGOS!$A:$A = $A33))), ""Apenas translado"", MAX(FILTER(TRECHOS_LONGOS!$F:$F, TRECHOS_LONGOS!$A:$A = $A33)))"),"Apenas translado") -> Apenas translado | D33: =if( B33 = "Apenas translado", 0, DATEDIF(B33,C33, "d")) -> 0 | E33: =SUMIF(TRECHOS_LONGOS!$A:$A, $A33, TRECHOS_LONGOS!Y:Y) -> 0 | F33: =SUMIF(TRANSLADO!A:A, A33, TRANSLADO!J:J) -> 0 | G33: =SUMIF(HOSPEDAGEM!A:A, A33, HOSPEDAGEM!J:J) -> 0 | H33: =if(or(E33 = "", F33 = "", G33 = ""), "", SUM(E33:G33)) -> 0 | I33: =SUMIF(TRECHOS_LONGOS!$A:$A, $A33, TRECHOS_LONGOS!Z:Z) -> 0
B34: =IFERROR(__xludf.DUMMYFUNCTION("if(isna(MIN(FILTER(TRECHOS_LONGOS!$F:$F, TRECHOS_LONGOS!$A:$A = $A34))), ""Apenas translado"", MIN(FILTER(TRECHOS_LONGOS!$F:$F, TRECHOS_LONGOS!$A:$A = $A34)))"),"Apenas translado") -> Apenas translado | C34: =IFERROR(__xludf.DUMMYFUNCTION("if(isna(max(FILTER(TRECHOS_LONGOS!$F:$F, TRECHOS_LONGOS!$A:$A = $A34))), ""Apenas translado"", MAX(FILTER(TRECHOS_LONGOS!$F:$F, TRECHOS_LONGOS!$A:$A = $A34)))"),"Apenas translado") -> Apenas translado | D34: =if( B34 = "Apenas translado", 0, DATEDIF(B34,C34, "d")) -> 0 | E34: =SUMIF(TRECHOS_LONGOS!$A:$A, $A34, TRECHOS_LONGOS!Y:Y) -> 0 | F34: =SUMIF(TRANSLADO!A:A, A34, TRANSLADO!J:J) -> 0 | G34: =SUMIF(HOSPEDAGEM!A:A, A34, HOSPEDAGEM!J:J) -> 0 | H34: =if(or(E34 = "", F34 = "", G34 = ""), "", SUM(E34:G34)) -> 0 | I34: =SUMIF(TRECHOS_LONGOS!$A:$A, $A34, TRECHOS_LONGOS!Z:Z) -> 0
B35: =IFERROR(__xludf.DUMMYFUNCTION("if(isna(MIN(FILTER(TRECHOS_LONGOS!$F:$F, TRECHOS_LONGOS!$A:$A = $A35))), ""Apenas translado"", MIN(FILTER(TRECHOS_LONGOS!$F:$F, TRECHOS_LONGOS!$A:$A = $A35)))"),"Apenas translado") -> Apenas translado | C35: =IFERROR(__xludf.DUMMYFUNCTION("if(isna(max(FILTER(TRECHOS_LONGOS!$F:$F, TRECHOS_LONGOS!$A:$A = $A35))), ""Apenas translado"", MAX(FILTER(TRECHOS_LONGOS!$F:$F, TRECHOS_LONGOS!$A:$A = $A35)))"),"Apenas translado") -> Apenas translado | D35: =if( B35 = "Apenas translado", 0, DATEDIF(B35,C35, "d")) -> 0 | E35: =SUMIF(TRECHOS_LONGOS!$A:$A, $A35, TRECHOS_LONGOS!Y:Y) -> 0 | F35: =SUMIF(TRANSLADO!A:A, A35, TRANSLADO!J:J) -> 0 | G35: =SUMIF(HOSPEDAGEM!A:A, A35, HOSPEDAGEM!J:J) -> 0 | H35: =if(or(E35 = "", F35 = "", G35 = ""), "", SUM(E35:G35)) -> 0 | I35: =SUMIF(TRECHOS_LONGOS!$A:$A, $A35, TRECHOS_LONGOS!Z:Z) -> 0
B36: =IFERROR(__xludf.DUMMYFUNCTION("if(isna(MIN(FILTER(TRECHOS_LONGOS!$F:$F, TRECHOS_LONGOS!$A:$A = $A36))), ""Apenas translado"", MIN(FILTER(TRECHOS_LONGOS!$F:$F, TRECHOS_LONGOS!$A:$A = $A36)))"),"Apenas translado") -> Apenas translado | C36: =IFERROR(__xludf.DUMMYFUNCTION("if(isna(max(FILTER(TRECHOS_LONGOS!$F:$F, TRECHOS_LONGOS!$A:$A = $A36))), ""Apenas translado"", MAX(FILTER(TRECHOS_LONGOS!$F:$F, TRECHOS_LONGOS!$A:$A = $A36)))"),"Apenas translado") -> Apenas translado | D36: =if( B36 = "Apenas translado", 0, DATEDIF(B36,C36, "d")) -> 0 | E36: =SUMIF(TRECHOS_LONGOS!$A:$A, $A36, TRECHOS_LONGOS!Y:Y) -> 0 | F36: =SUMIF(TRANSLADO!A:A, A36, TRANSLADO!J:J) -> 0 | G36: =SUMIF(HOSPEDAGEM!A:A, A36, HOSPEDAGEM!J:J) -> 0 | H36: =if(or(E36 = "", F36 = "", G36 = ""), "", SUM(E36:G36)) -> 0 | I36: =SUMIF(TRECHOS_LONGOS!$A:$A, $A36, TRECHOS_LONGOS!Z:Z) -> 0
B37: =IFERROR(__xludf.DUMMYFUNCTION("if(isna(MIN(FILTER(TRECHOS_LONGOS!$F:$F, TRECHOS_LONGOS!$A:$A = $A37))), ""Apenas translado"", MIN(FILTER(TRECHOS_LONGOS!$F:$F, TRECHOS_LONGOS!$A:$A = $A37)))"),"Apenas translado") -> Apenas translado | C37: =IFERROR(__xludf.DUMMYFUNCTION("if(isna(max(FILTER(TRECHOS_LONGOS!$F:$F, TRECHOS_LONGOS!$A:$A = $A37))), ""Apenas translado"", MAX(FILTER(TRECHOS_LONGOS!$F:$F, TRECHOS_LONGOS!$A:$A = $A37)))"),"Apenas translado") -> Apenas translado | D37: =if( B37 = "Apenas translado", 0, DATEDIF(B37,C37, "d")) -> 0 | E37: =SUMIF(TRECHOS_LONGOS!$A:$A, $A37, TRECHOS_LONGOS!Y:Y) -> 0 | F37: =SUMIF(TRANSLADO!A:A, A37, TRANSLADO!J:J) -> 0 | G37: =SUMIF(HOSPEDAGEM!A:A, A37, HOSPEDAGEM!J:J) -> 0 | H37: =if(or(E37 = "", F37 = "", G37 = ""), "", SUM(E37:G37)) -> 0 | I37: =SUMIF(TRECHOS_LONGOS!$A:$A, $A37, TRECHOS_LONGOS!Z:Z) -> 0
B38: =IFERROR(__xludf.DUMMYFUNCTION("if(isna(MIN(FILTER(TRECHOS_LONGOS!$F:$F, TRECHOS_LONGOS!$A:$A = $A38))), ""Apenas translado"", MIN(FILTER(TRECHOS_LONGOS!$F:$F, TRECHOS_LONGOS!$A:$A = $A38)))"),"Apenas translado") -> Apenas translado | C38: =IFERROR(__xludf.DUMMYFUNCTION("if(isna(max(FILTER(TRECHOS_LONGOS!$F:$F, TRECHOS_LONGOS!$A:$A = $A38))), ""Apenas translado"", MAX(FILTER(TRECHOS_LONGOS!$F:$F, TRECHOS_LONGOS!$A:$A = $A38)))"),"Apenas translado") -> Apenas translado | D38: =if( B38 = "Apenas translado", 0, DATEDIF(B38,C38, "d")) -> 0 | E38: =SUMIF(TRECHOS_LONGOS!$A:$A, $A38, TRECHOS_LONGOS!Y:Y) -> 0 | F38: =SUMIF(TRANSLADO!A:A, A38, TRANSLADO!J:J) -> 0 | G38: =SUMIF(HOSPEDAGEM!A:A, A38, HOSPEDAGEM!J:J) -> 0 | H38: =if(or(E38 = "", F38 = "", G38 = ""), "", SUM(E38:G38)) -> 0 | I38: =SUMIF(TRECHOS_LONGOS!$A:$A, $A38, TRECHOS_LONGOS!Z:Z) -> 0
B39: =IFERROR(__xludf.DUMMYFUNCTION("if(isna(MIN(FILTER(TRECHOS_LONGOS!$F:$F, TRECHOS_LONGOS!$A:$A = $A39))), ""Apenas translado"", MIN(FILTER(TRECHOS_LONGOS!$F:$F, TRECHOS_LONGOS!$A:$A = $A39)))"),"Apenas translado") -> Apenas translado | C39: =IFERROR(__xludf.DUMMYFUNCTION("if(isna(max(FILTER(TRECHOS_LONGOS!$F:$F, TRECHOS_LONGOS!$A:$A = $A39))), ""Apenas translado"", MAX(FILTER(TRECHOS_LONGOS!$F:$F, TRECHOS_LONGOS!$A:$A = $A39)))"),"Apenas translado") -> Apenas translado | D39: =if( B39 = "Apenas translado", 0, DATEDIF(B39,C39, "d")) -> 0 | E39: =SUMIF(TRECHOS_LONGOS!$A:$A, $A39, TRECHOS_LONGOS!Y:Y) -> 0 | F39: =SUMIF(TRANSLADO!A:A, A39, TRANSLADO!J:J) -> 0 | G39: =SUMIF(HOSPEDAGEM!A:A, A39, HOSPEDAGEM!J:J) -> 0 | H39: =if(or(E39 = "", F39 = "", G39 = ""), "", SUM(E39:G39)) -> 0 | I39: =SUMIF(TRECHOS_LONGOS!$A:$A, $A39, TRECHOS_LONGOS!Z:Z) -> 0
B40: =IFERROR(__xludf.DUMMYFUNCTION("if(isna(MIN(FILTER(TRECHOS_LONGOS!$F:$F, TRECHOS_LONGOS!$A:$A = $A40))), ""Apenas translado"", MIN(FILTER(TRECHOS_LONGOS!$F:$F, TRECHOS_LONGOS!$A:$A = $A40)))"),"Apenas translado") -> Apenas translado | C40: =IFERROR(__xludf.DUMMYFUNCTION("if(isna(max(FILTER(TRECHOS_LONGOS!$F:$F, TRECHOS_LONGOS!$A:$A = $A40))), ""Apenas translado"", MAX(FILTER(TRECHOS_LONGOS!$F:$F, TRECHOS_LONGOS!$A:$A = $A40)))"),"Apenas translado") -> Apenas translado | D40: =if( B40 = "Apenas translado", 0, DATEDIF(B40,C40, "d")) -> 0 | E40: =SUMIF(TRECHOS_LONGOS!$A:$A, $A40, TRECHOS_LONGOS!Y:Y) -> 0 | F40: =SUMIF(TRANSLADO!A:A, A40, TRANSLADO!J:J) -> 0 | G40: =SUMIF(HOSPEDAGEM!A:A, A40, HOSPEDAGEM!J:J) -> 0 | H40: =if(or(E40 = "", F40 = "", G40 = ""), "", SUM(E40:G40)) -> 0 | I40: =SUMIF(TRECHOS_LONGOS!$A:$A, $A40, TRECHOS_LONGOS!Z:Z) -> 0
B41: =IFERROR(__xludf.DUMMYFUNCTION("if(isna(MIN(FILTER(TRECHOS_LONGOS!$F:$F, TRECHOS_LONGOS!$A:$A = $A41))), ""Apenas translado"", MIN(FILTER(TRECHOS_LONGOS!$F:$F, TRECHOS_LONGOS!$A:$A = $A41)))"),"Apenas translado") -> Apenas translado | C41: =IFERROR(__xludf.DUMMYFUNCTION("if(isna(max(FILTER(TRECHOS_LONGOS!$F:$F, TRECHOS_LONGOS!$A:$A = $A41))), ""Apenas translado"", MAX(FILTER(TRECHOS_LONGOS!$F:$F, TRECHOS_LONGOS!$A:$A = $A41)))"),"Apenas translado") -> Apenas translado | D41: =if( B41 = "Apenas translado", 0, DATEDIF(B41,C41, "d")) -> 0 | E41: =SUMIF(TRECHOS_LONGOS!$A:$A, $A41, TRECHOS_LONGOS!Y:Y) -> 0 | F41: =SUMIF(TRANSLADO!A:A, A41, TRANSLADO!J:J) -> 0 | G41: =SUMIF(HOSPEDAGEM!A:A, A41, HOSPEDAGEM!J:J) -> 0 | H41: =if(or(E41 = "", F41 = "", G41 = ""), "", SUM(E41:G41)) -> 0 | I41: =SUMIF(TRECHOS_LONGOS!$A:$A, $A41, TRECHOS_LONGOS!Z:Z) -> 0
B42: =IFERROR(__xludf.DUMMYFUNCTION("if(isna(MIN(FILTER(TRECHOS_LONGOS!$F:$F, TRECHOS_LONGOS!$A:$A = $A42))), ""Apenas translado"", MIN(FILTER(TRECHOS_LONGOS!$F:$F, TRECHOS_LONGOS!$A:$A = $A42)))"),"Apenas translado") -> Apenas translado | C42: =IFERROR(__xludf.DUMMYFUNCTION("if(isna(max(FILTER(TRECHOS_LONGOS!$F:$F, TRECHOS_LONGOS!$A:$A = $A42))), ""Apenas translado"", MAX(FILTER(TRECHOS_LONGOS!$F:$F, TRECHOS_LONGOS!$A:$A = $A42)))"),"Apenas translado") -> Apenas translado | D42: =if( B42 = "Apenas translado", 0, DATEDIF(B42,C42, "d")) -> 0 | E42: =SUMIF(TRECHOS_LONGOS!$A:$A, $A42, TRECHOS_LONGOS!Y:Y) -> 0 | F42: =SUMIF(TRANSLADO!A:A, A42, TRANSLADO!J:J) -> 0 | G42: =SUMIF(HOSPEDAGEM!A:A, A42, HOSPEDAGEM!J:J) -> 0 | H42: =if(or(E42 = "", F42 = "", G42 = ""), "", SUM(E42:G42)) -> 0 | I42: =SUMIF(TRECHOS_LONGOS!$A:$A, $A42, TRECHOS_LONGOS!Z:Z) -> 0
B43: =IFERROR(__xludf.DUMMYFUNCTION("if(isna(MIN(FILTER(TRECHOS_LONGOS!$F:$F, TRECHOS_LONGOS!$A:$A = $A43))), ""Apenas translado"", MIN(FILTER(TRECHOS_LONGOS!$F:$F, TRECHOS_LONGOS!$A:$A = $A43)))"),"Apenas translado") -> Apenas translado | C43: =IFERROR(__xludf.DUMMYFUNCTION("if(isna(max(FILTER(TRECHOS_LONGOS!$F:$F, TRECHOS_LONGOS!$A:$A = $A43))), ""Apenas translado"", MAX(FILTER(TRECHOS_LONGOS!$F:$F, TRECHOS_LONGOS!$A:$A = $A43)))"),"Apenas translado") -> Apenas translado | D43: =if( B43 = "Apenas translado", 0, DATEDIF(B43,C43, "d")) -> 0 | E43: =SUMIF(TRECHOS_LONGOS!$A:$A, $A43, TRECHOS_LONGOS!Y:Y) -> 0 | F43: =SUMIF(TRANSLADO!A:A, A43, TRANSLADO!J:J) -> 0 | G43: =SUMIF(HOSPEDAGEM!A:A, A43, HOSPEDAGEM!J:J) -> 0 | H43: =if(or(E43 = "", F43 = "", G43 = ""), "", SUM(E43:G43)) -> 0 | I43: =SUMIF(TRECHOS_LONGOS!$A:$A, $A43, TRECHOS_LONGOS!Z:Z) -> 0
B44: =IFERROR(__xludf.DUMMYFUNCTION("if(isna(MIN(FILTER(TRECHOS_LONGOS!$F:$F, TRECHOS_LONGOS!$A:$A = $A44))), ""Apenas translado"", MIN(FILTER(TRECHOS_LONGOS!$F:$F, TRECHOS_LONGOS!$A:$A = $A44)))"),"Apenas translado") -> Apenas translado | C44: =IFERROR(__xludf.DUMMYFUNCTION("if(isna(max(FILTER(TRECHOS_LONGOS!$F:$F, TRECHOS_LONGOS!$A:$A = $A44))), ""Apenas translado"", MAX(FILTER(TRECHOS_LONGOS!$F:$F, TRECHOS_LONGOS!$A:$A = $A44)))"),"Apenas translado") -> Apenas translado | D44: =if( B44 = "Apenas translado", 0, DATEDIF(B44,C44, "d")) -> 0 | E44: =SUMIF(TRECHOS_LONGOS!$A:$A, $A44, TRECHOS_LONGOS!Y:Y) -> 0 | F44: =SUMIF(TRANSLADO!A:A, A44, TRANSLADO!J:J) -> 0 | G44: =SUMIF(HOSPEDAGEM!A:A, A44, HOSPEDAGEM!J:J) -> 0 | H44: =if(or(E44 = "", F44 = "", G44 = ""), "", SUM(E44:G44)) -> 0 | I44: =SUMIF(TRECHOS_LONGOS!$A:$A, $A44, TRECHOS_LONGOS!Z:Z) -> 0
B45: =IFERROR(__xludf.DUMMYFUNCTION("if(isna(MIN(FILTER(TRECHOS_LONGOS!$F:$F, TRECHOS_LONGOS!$A:$A = $A45))), ""Apenas translado"", MIN(FILTER(TRECHOS_LONGOS!$F:$F, TRECHOS_LONGOS!$A:$A = $A45)))"),"Apenas translado") -> Apenas translado | C45: =IFERROR(__xludf.DUMMYFUNCTION("if(isna(max(FILTER(TRECHOS_LONGOS!$F:$F, TRECHOS_LONGOS!$A:$A = $A45))), ""Apenas translado"", MAX(FILTER(TRECHOS_LONGOS!$F:$F, TRECHOS_LONGOS!$A:$A = $A45)))"),"Apenas translado") -> Apenas translado | D45: =if( B45 = "Apenas translado", 0, DATEDIF(B45,C45, "d")) -> 0 | E45: =SUMIF(TRECHOS_LONGOS!$A:$A, $A45, TRECHOS_LONGOS!Y:Y) -> 0 | F45: =SUMIF(TRANSLADO!A:A, A45, TRANSLADO!J:J) -> 0 | G45: =SUMIF(HOSPEDAGEM!A:A, A45, HOSPEDAGEM!J:J) -> 0 | H45: =if(or(E45 = "", F45 = "", G45 = ""), "", SUM(E45:G45)) -> 0 | I45: =SUMIF(TRECHOS_LONGOS!$A:$A, $A45, TRECHOS_LONGOS!Z:Z) -> 0
B46: =IFERROR(__xludf.DUMMYFUNCTION("if(isna(MIN(FILTER(TRECHOS_LONGOS!$F:$F, TRECHOS_LONGOS!$A:$A = $A46))), ""Apenas translado"", MIN(FILTER(TRECHOS_LONGOS!$F:$F, TRECHOS_LONGOS!$A:$A = $A46)))"),"Apenas translado") -> Apenas translado | C46: =IFERROR(__xludf.DUMMYFUNCTION("if(isna(max(FILTER(TRECHOS_LONGOS!$F:$F, TRECHOS_LONGOS!$A:$A = $A46))), ""Apenas translado"", MAX(FILTER(TRECHOS_LONGOS!$F:$F, TRECHOS_LONGOS!$A:$A = $A46)))"),"Apenas translado") -> Apenas translado | D46: =if( B46 = "Apenas translado", 0, DATEDIF(B46,C46, "d")) -> 0 | E46: =SUMIF(TRECHOS_LONGOS!$A:$A, $A46, TRECHOS_LONGOS!Y:Y) -> 0 | F46: =SUMIF(TRANSLADO!A:A, A46, TRANSLADO!J:J) -> 0 | G46: =SUMIF(HOSPEDAGEM!A:A, A46, HOSPEDAGEM!J:J) -> 0 | H46: =if(or(E46 = "", F46 = "", G46 = ""), "", SUM(E46:G46)) -> 0 | I46: =SUMIF(TRECHOS_LONGOS!$A:$A, $A46, TRECHOS_LONGOS!Z:Z) -> 0
B47: =IFERROR(__xludf.DUMMYFUNCTION("if(isna(MIN(FILTER(TRECHOS_LONGOS!$F:$F, TRECHOS_LONGOS!$A:$A = $A47))), ""Apenas translado"", MIN(FILTER(TRECHOS_LONGOS!$F:$F, TRECHOS_LONGOS!$A:$A = $A47)))"),"Apenas translado") -> Apenas translado | C47: =IFERROR(__xludf.DUMMYFUNCTION("if(isna(max(FILTER(TRECHOS_LONGOS!$F:$F, TRECHOS_LONGOS!$A:$A = $A47))), ""Apenas translado"", MAX(FILTER(TRECHOS_LONGOS!$F:$F, TRECHOS_LONGOS!$A:$A = $A47)))"),"Apenas translado") -> Apenas translado | D47: =if( B47 = "Apenas translado", 0, DATEDIF(B47,C47, "d")) -> 0 | E47: =SUMIF(TRECHOS_LONGOS!$A:$A, $A47, TRECHOS_LONGOS!Y:Y) -> 0 | F47: =SUMIF(TRANSLADO!A:A, A47, TRANSLADO!J:J) -> 0 | G47: =SUMIF(HOSPEDAGEM!A:A, A47, HOSPEDAGEM!J:J) -> 0 | H47: =if(or(E47 = "", F47 = "", G47 = ""), "", SUM(E47:G47)) -> 0 | I47: =SUMIF(TRECHOS_LONGOS!$A:$A, $A47, TRECHOS_LONGOS!Z:Z) -> 0
B48: =IFERROR(__xludf.DUMMYFUNCTION("if(isna(MIN(FILTER(TRECHOS_LONGOS!$F:$F, TRECHOS_LONGOS!$A:$A = $A48))), ""Apenas translado"", MIN(FILTER(TRECHOS_LONGOS!$F:$F, TRECHOS_LONGOS!$A:$A = $A48)))"),"Apenas translado") -> Apenas translado | C48: =IFERROR(__xludf.DUMMYFUNCTION("if(isna(max(FILTER(TRECHOS_LONGOS!$F:$F, TRECHOS_LONGOS!$A:$A = $A48))), ""Apenas translado"", MAX(FILTER(TRECHOS_LONGOS!$F:$F, TRECHOS_LONGOS!$A:$A = $A48)))"),"Apenas translado") -> Apenas translado | D48: =if( B48 = "Apenas translado", 0, DATEDIF(B48,C48, "d")) -> 0 | E48: =SUMIF(TRECHOS_LONGOS!$A:$A, $A48, TRECHOS_LONGOS!Y:Y) -> 0 | F48: =SUMIF(TRANSLADO!A:A, A48, TRANSLADO!J:J) -> 0 | G48: =SUMIF(HOSPEDAGEM!A:A, A48, HOSPEDAGEM!J:J) -> 0 | H48: =if(or(E48 = "", F48 = "", G48 = ""), "", SUM(E48:G48)) -> 0 | I48: =SUMIF(TRECHOS_LONGOS!$A:$A, $A48, TRECHOS_LONGOS!Z:Z) -> 0
B49: =IFERROR(__xludf.DUMMYFUNCTION("if(isna(MIN(FILTER(TRECHOS_LONGOS!$F:$F, TRECHOS_LONGOS!$A:$A = $A49))), ""Apenas translado"", MIN(FILTER(TRECHOS_LONGOS!$F:$F, TRECHOS_LONGOS!$A:$A = $A49)))"),"Apenas translado") -> Apenas translado | C49: =IFERROR(__xludf.DUMMYFUNCTION("if(isna(max(FILTER(TRECHOS_LONGOS!$F:$F, TRECHOS_LONGOS!$A:$A = $A49))), ""Apenas translado"", MAX(FILTER(TRECHOS_LONGOS!$F:$F, TRECHOS_LONGOS!$A:$A = $A49)))"),"Apenas translado") -> Apenas translado | D49: =if( B49 = "Apenas translado", 0, DATEDIF(B49,C49, "d")) -> 0 | E49: =SUMIF(TRECHOS_LONGOS!$A:$A, $A49, TRECHOS_LONGOS!Y:Y) -> 0 | F49: =SUMIF(TRANSLADO!A:A, A49, TRANSLADO!J:J) -> 0 | G49: =SUMIF(HOSPEDAGEM!A:A, A49, HOSPEDAGEM!J:J) -> 0 | H49: =if(or(E49 = "", F49 = "", G49 = ""), "", SUM(E49:G49)) -> 0 | I49: =SUMIF(TRECHOS_LONGOS!$A:$A, $A49, TRECHOS_LONGOS!Z:Z) -> 0
B50: =IFERROR(__xludf.DUMMYFUNCTION("if(isna(MIN(FILTER(TRECHOS_LONGOS!$F:$F, TRECHOS_LONGOS!$A:$A = $A50))), ""Apenas translado"", MIN(FILTER(TRECHOS_LONGOS!$F:$F, TRECHOS_LONGOS!$A:$A = $A50)))"),"Apenas translado") -> Apenas translado | C50: =IFERROR(__xludf.DUMMYFUNCTION("if(isna(max(FILTER(TRECHOS_LONGOS!$F:$F, TRECHOS_LONGOS!$A:$A = $A50))), ""Apenas translado"", MAX(FILTER(TRECHOS_LONGOS!$F:$F, TRECHOS_LONGOS!$A:$A = $A50)))"),"Apenas translado") -> Apenas translado | D50: =if( B50 = "Apenas translado", 0, DATEDIF(B50,C50, "d")) -> 0 | E50: =SUMIF(TRECHOS_LONGOS!$A:$A, $A50, TRECHOS_LONGOS!Y:Y) -> 0 | F50: =SUMIF(TRANSLADO!A:A, A50, TRANSLADO!J:J) -> 0 | G50: =SUMIF(HOSPEDAGEM!A:A, A50, HOSPEDAGEM!J:J) -> 0 | H50: =if(or(E50 = "", F50 = "", G50 = ""), "", SUM(E50:G50)) -> 0 | I50: =SUMIF(TRECHOS_LONGOS!$A:$A, $A50, TRECHOS_LONGOS!Z:Z) -> 0
B51: =IFERROR(__xludf.DUMMYFUNCTION("if(isna(MIN(FILTER(TRECHOS_LONGOS!$F:$F, TRECHOS_LONGOS!$A:$A = $A51))), ""Apenas translado"", MIN(FILTER(TRECHOS_LONGOS!$F:$F, TRECHOS_LONGOS!$A:$A = $A51)))"),"Apenas translado") -> Apenas translado | C51: =IFERROR(__xludf.DUMMYFUNCTION("if(isna(max(FILTER(TRECHOS_LONGOS!$F:$F, TRECHOS_LONGOS!$A:$A = $A51))), ""Apenas translado"", MAX(FILTER(TRECHOS_LONGOS!$F:$F, TRECHOS_LONGOS!$A:$A = $A51)))"),"Apenas translado") -> Apenas translado | D51: =if( B51 = "Apenas translado", 0, DATEDIF(B51,C51, "d")) -> 0 | E51: =SUMIF(TRECHOS_LONGOS!$A:$A, $A51, TRECHOS_LONGOS!Y:Y) -> 0 | F51: =SUMIF(TRANSLADO!A:A, A51, TRANSLADO!J:J) -> 0 | G51: =SUMIF(HOSPEDAGEM!A:A, A51, HOSPEDAGEM!J:J) -> 0 | H51: =if(or(E51 = "", F51 = "", G51 = ""), "", SUM(E51:G51)) -> 0 | I51: =SUMIF(TRECHOS_LONGOS!$A:$A, $A51, TRECHOS_LONGOS!Z:Z) -> 0
B52: =IFERROR(__xludf.DUMMYFUNCTION("if(isna(MIN(FILTER(TRECHOS_LONGOS!$F:$F, TRECHOS_LONGOS!$A:$A = $A52))), ""Apenas translado"", MIN(FILTER(TRECHOS_LONGOS!$F:$F, TRECHOS_LONGOS!$A:$A = $A52)))"),"Apenas translado") -> Apenas translado | C52: =IFERROR(__xludf.DUMMYFUNCTION("if(isna(max(FILTER(TRECHOS_LONGOS!$F:$F, TRECHOS_LONGOS!$A:$A = $A52))), ""Apenas translado"", MAX(FILTER(TRECHOS_LONGOS!$F:$F, TRECHOS_LONGOS!$A:$A = $A52)))"),"Apenas translado") -> Apenas translado | D52: =if( B52 = "Apenas translado", 0, DATEDIF(B52,C52, "d")) -> 0 | E52: =SUMIF(TRECHOS_LONGOS!$A:$A, $A52, TRECHOS_LONGOS!Y:Y) -> 0 | F52: =SUMIF(TRANSLADO!A:A, A52, TRANSLADO!J:J) -> 0 | G52: =SUMIF(HOSPEDAGEM!A:A, A52, HOSPEDAGEM!J:J) -> 0 | H52: =if(or(E52 = "", F52 = "", G52 = ""), "", SUM(E52:G52)) -> 0 | I52: =SUMIF(TRECHOS_LONGOS!$A:$A, $A52, TRECHOS_LONGOS!Z:Z) -> 0
H53: =if(or(E53 = "", F53 = "", G53 = ""), "", SUM(E53:G53))
H54: =if(or(E54 = "", F54 = "", G54 = ""), "", SUM(E54:G54))
H55: =if(or(E55 = "", F55 = "", G55 = ""), "", SUM(E55:G55))
H56: =if(or(E56 = "", F56 = "", G56 = ""), "", SUM(E56:G56))
H57: =if(or(E57 = "", F57 = "", G57 = ""), "", SUM(E57:G57))
H58: =if(or(E58 = "", F58 = "", G58 = ""), "", SUM(E58:G58))
H59: =if(or(E59 = "", F59 = "", G59 = ""), "", SUM(E59:G59))
H60: =if(or(E60 = "", F60 = "", G60 = ""), "", SUM(E60:G60))
H61: =if(or(E61 = "", F61 = "", G61 = ""), "", SUM(E61:G61))
H62: =if(or(E62 = "", F62 = "", G62 = ""), "", SUM(E62:G62))
H63: =if(or(E63 = "", F63 = "", G63 = ""), "", SUM(E63:G63))
H64: =if(or(E64 = "", F64 = "", G64 = ""), "", SUM(E64:G64))
... H998: =if(or(E998 = "", F998 = "", G998 = ""), "", SUM(E998:G998))

Sheet KPI
A1: Custo Médio Passagem Aérea (R$) | B1: Custo Médio Passagem Aérea por km (R$) | C1: Custo Médio Passagem Aérea (Pontos) | D1: Custo Médio Passagem Aérea por km (Pontos) | E1: Custo médio de passagem por tempo prévio | F1: Custo Médio Transporte Terrestre (R$) | G1: Custo Médio Transporte Terrestre por km (R$) | H1: Taxa de Cancelamento / Remarcação | I1: Custo Médio por Diária de Hotel | J1: Custo Médio por Viagem (R$)
A2: =ROUND( SUMIF(TRECHOS_LONGOS!$H:$H, "AÉREO", TRECHOS_LONGOS!Y:Y) / countif(TRECHOS_LONGOS!$H:$H, "AÉREO"), 2) -> 2078.25 | B2: =round( sumIF(TRECHOS_LONGOS!$H:$H, "AÉREO", TRECHOS_LONGOS!Y:Y) / sumIF(TRECHOS_LONGOS!$H:$H, "AÉREO",TRECHOS_LONGOS!$P:$P), 2) -> 1.43 | C2: =ROUND( SUMIF(TRECHOS_LONGOS!$H:$H, "AÉREO", TRECHOS_LONGOS!Z:Z) / countif(TRECHOS_LONGOS!$H:$H, "AÉREO"), 3) -> 5525 | D2: =round( sumIF(TRECHOS_LONGOS!$H:$H, "AÉREO", TRECHOS_LONGOS!Z:Z) / sumIF(TRECHOS_LONGOS!$H:$H, "AÉREO",TRECHOS_LONGOS!$P:$P), 3) -> 3.796 | F2: =IF( countif(TRECHOS_LONGOS!$H:$H, "TERRESTRE") = 0, 0, ROUND( SUMIF(TRECHOS_LONGOS!$H:$H, "TERRESTRE", TRECHOS_LONGOS!$Y:$Y) / countif(TRECHOS_LONGOS!$H:$H, "TERRESTRE"), 2) ) -> 66.4 | G2: =IF( countif(TRECHOS_LONGOS!$H:$H, "TERRESTRE") = 0, 0, ROUND( SUMIF(TRECHOS_LONGOS!$H:$H, "TERRESTRE", TRECHOS_LONGOS!$Y:$Y) / sumIF(TRECHOS_LONGOS!$H:$H, "TERRESTRE",TRECHOS_LONGOS!$P:$P), 2) ) -> 0.35 | H2: =round(countif(TRECHOS_LONGOS!$S$2:$S1000, "SIM") / (countif(TRECHOS_LONGOS!$S$2:$S1000, "SIM") + countif(TRECHOS_LONGOS!$S$2:$S1000, "NÃO")), 4) -> 0.09 | I2: =round( sum(HOSPEDAGEM!J2:J1000) / sum(HOSPEDAGEM!G2:G1000), 2) -> 448.03 | J2: =round( sum(DADOS_POR_VIAGEM!H2:H1000) / countif(DADOS_POR_VIAGEM!A2:A1000, "<>"), 2) -> 9612.33

Sheet EVOLUÇÃO_MENSAL
A1: Mês | B1: Passagens Aéreas: Custos Totais | C1: Passagens Aéreas: Custos Totais (Pontos AZUL) | D1: Passagens Aéreas: Custos Totais (Pontos GOL) | E1: Passagens Aéreas: Custos Totais (Pontos LATAM) | F1: Passagens Aéreas: Quantidade | G1: Passagens Aéreas: Quantidade (Pontos) | H1: Passagens Aéreas: Quilometragem Total | I1: Passagens Aéreas: Quilometragem Total (Pontos) | J1: Custo Médio Passagem Aérea | K1: Custo Médio Passagem Aérea (Pontos) | L1: Custo Médio Passagem Aérea por km | M1: Custo Médio Passagem Aérea por km (Pontos) | N1: Taxa de Cancelamento / Remarcação | O1: Custo Total das Passagens (0-5 dias) | P1: Quantidade de Passagens (0-5 dias) | Q1: Percentual (0-5 dias) | R1: Custo médio de passagem por tempo prévio (0-5 dias) | S1: Custo Total das Passagens (6-15 dias) | T1: Quantidade de Passagens (6-15 dias) | U1: Percentual (6-15 dias) | V1: Custo médio de passagem por tempo prévio (6-15 dias) | W1: Custo Total das Passagens (16+ dias) | X1: Quantidade de Passagens (16+ dias) | Y1: Percentual (16+ dias) | Z1: Custo médio de passagem por tempo prévio (16+ dias) | AA1: Transporte Terrestre: Custos Totais | AB1: Transporte Terrestre: Quantidade | AC1: Transporte Terrestre: Quilometragem | AD1: Custo Médio Transporte Terrestre | AE1: Custo Médio Transporte Terrestre por km | AF1: Hospedagem: Custos Totais | AG1: Hospedagem: Quantidade de Diárias | AH1: Custo Médio por Diária de Hotel | AI1: Viagens: Custos Totais(R$) | AJ1: Quantidade de Viagens | AK1: Custo Médio por Viagem (R$)
A2: Janeiro | B2: {=SUMIFS(TRECHOS_LONGOS!$Y:$Y, MONTH(TRECHOS_LONGOS!$F:$F), row()-1, TRECHOS_LONGOS!$H:$H, "AÉREO")} -> 55143.25 | C2: {=SUMIFS(TRECHOS_LONGOS!$Z:$Z, MONTH(TRECHOS_LONGOS!$F:$F), row()-1, TRECHOS_LONGOS!$H:$H, "AÉREO", TRECHOS_LONGOS!$O:$O, "AZUL")} -> 0 | D2: {=SUMIFS(TRECHOS_LONGOS!$Z:$Z, MONTH(TRECHOS_LONGOS!$F:$F), row()-1, TRECHOS_LONGOS!$H:$H, "AÉREO", TRECHOS_LONGOS!$O:$O, "GOL")} -> 0 | E2: {=SUMIFS(TRECHOS_LONGOS!$Z:$Z, MONTH(TRECHOS_LONGOS!$F:$F), row()-1, TRECHOS_LONGOS!$H:$H, "AÉREO", TRECHOS_LONGOS!$O:$O, "LATAM")} -> 0 | F2: {=COUNTIFS(MONTH(TRECHOS_LONGOS!$F:$F), row()-1, TRECHOS_LONGOS!$H:$H, "AÉREO")} -> 22 | G2: {=COUNTIFS(MONTH(TRECHOS_LONGOS!$F:$F), row()-1, TRECHOS_LONGOS!$H:$H, "AÉREO", TRECHOS_LONGOS!Z:Z, "<>0")} -> 0 | H2: {=SUMIFS(TRECHOS_LONGOS!$P:$P, MONTH(TRECHOS_LONGOS!$F:$F), row()-1, TRECHOS_LONGOS!$H:$H, "AÉREO")} -> 41060 | I2: {=SUMIFS(TRECHOS_LONGOS!$P:$P, MONTH(TRECHOS_LONGOS!$F:$F), row()-1, TRECHOS_LONGOS!$H:$H, "AÉREO", TRECHOS_LONGOS!$Z:$Z, "<>0")} -> 0 | J2: =if( F2 = 0, 0, round( B2 / F2, 2)) -> 2506.51 | K2: =if( G2 = 0, 0, round( (C2+D2+E2) / G2, 2)) -> 0 | L2: =if( H2 = 0, 0, round(B2 / H2, 2)) -> 1.34 | M2: =if( I2 = 0, 0, round( (C2+D2+E2) / I2, 2)) -> 0 | N2: {=IF( COUNTIFS(MONTH(TRECHOS_LONGOS!$F:$F), ROW()-1) = 0, 0, ROUND( COUNTIFS(MONTH(TRECHOS_LONGOS!$F:$F), ROW()-1, TRECHOS_LONGOS!$S:$S, "SIM") / COUNTIFS(MONTH(TRECHOS_LONGOS!$F:$F), ROW()-1), 4) )} -> 0 | O2: {=SUMIFS(TRECHOS_LONGOS!$Y:$Y, MONTH(TRECHOS_LONGOS!$F:$F), row()-1, TRECHOS_LONGOS!$H:$H, "AÉREO", TRECHOS_LONGOS!$G:$G, "<=5")} -> 44840.01 | P2: {=COUNTIFS(MONTH(TRECHOS_LONGOS!$F:$F), row()-1, TRECHOS_LONGOS!$H:$H, "AÉREO", TRECHOS_LONGOS!$G:$G, "<=5")} -> 16 | Q2: =if($F2 = 0, 0, P2/$F2) -> 0.72727273 | R2: =if( P2 = 0, 0, round( O2 / P2, 2)) -> 2802.5 | S2: {=SUMIFS(TRECHOS_LONGOS!$Y:$Y, MONTH(TRECHOS_LONGOS!$F:$F), row()-1, TRECHOS_LONGOS!$H:$H, "AÉREO", TRECHOS_LONGOS!$G:$G, ">5", TRECHOS_LONGOS!$G:$G, "<=15")} -> 2314.34 | T2: {=COUNTIFS(MONTH(TRECHOS_LONGOS!$F:$F), row()-1, TRECHOS_LONGOS!$H:$H, "AÉREO", TRECHOS_LONGOS!$G:$G, ">5", TRECHOS_LONGOS!$G:$G, "<=15")} -> 1 | U2: =if($F2 = 0, 0, T2/$F2) -> 0.045454545 | V2: =if( T2 = 0, 0, round(S2 / T2, 2)) -> 2314.34 | W2: {=SUMIFS(TRECHOS_LONGOS!$Y:$Y, MONTH(TRECHOS_LONGOS!$F:$F), row()-1, TRECHOS_LONGOS!$H:$H, "AÉREO", TRECHOS_LONGOS!$G:$G, ">=16")} -> 7988.9 | X2: {=COUNTIFS(MONTH(TRECHOS_LONGOS!$F:$F), row()-1, TRECHOS_LONGOS!$H:$H, "AÉREO", TRECHOS_LONGOS!$G:$G, ">=16")} -> 5 | Y2: =if($F2 = 0, 0, X2/$F2) -> 0.22727273 | Z2: =if( X2 = 0, 0, round( W2 / X2, 2)) -> 1597.78 | AA2: {=SUMIFS(TRECHOS_LONGOS!$Y:$Y, MONTH(TRECHOS_LONGOS!$F:$F), row()-1, TRECHOS_LONGOS!$H:$H, "TERRESTRE")} -> 0 | AB2: {=COUNTIFS(MONTH(TRECHOS_LONGOS!$F:$F), row()-1, TRECHOS_LONGOS!$H:$H, "TERRESTRE")} -> 0 | AC2: {=SUMIFS(TRECHOS_LONGOS!$P:$P, MONTH(TRECHOS_LONGOS!$F:$F), row()-1, TRECHOS_LONGOS!$H:$H, "TERRESTRE")} -> 0 | AD2: =if( AB2 = 0, 0, round( AA2 / AB2, 2)) -> 0 | AE2: =if( AC2 = 0, 0, round( AA2 / AC2, 2)) -> 0 | AF2: {=SUMIF(MONTH(HOSPEDAGEM!$E:$E), ROW()-1,HOSPEDAGEM!$J:$J)} -> 7278.28 | AG2: {=SUMIF(MONTH(HOSPEDAGEM!$E:$E), ROW()-1,HOSPEDAGEM!$G:$G)} -> 15 | AH2: =IF( AG2 = 0, 0, ROUND( AF2 / AG2, 2 ) ) -> 485.22 | AI2: {=SUMIF(MONTH(DADOS_POR_VIAGEM!$B:$B), ROW()-1, DADOS_POR_VIAGEM!$H:$H)} -> 62921.53 | AJ2: {=if(row() >= 13, 0, COUNTIF(MONTH(DADOS_POR_VIAGEM!$B:$B), ROW()-1))} -> 9 | AK2: =IF( AJ2 = 0, 0, ROUND( AI2 / AJ2, 2 ) ) -> 6991.28
A3: Fevereiro | B3: {=SUMIFS(TRECHOS_LONGOS!$Y:$Y, MONTH(TRECHOS_LONGOS!$F:$F), row()-1, TRECHOS_LONGOS!$H:$H, "AÉREO")} -> 24655.25 | C3: {=SUMIFS(TRECHOS_LONGOS!$Z:$Z, MONTH(TRECHOS_LONGOS!$F:$F), row()-1, TRECHOS_LONGOS!$H:$H, "AÉREO", TRECHOS_LONGOS!$O:$O, "AZUL")} -> 0 | D3: {=SUMIFS(TRECHOS_LONGOS!$Z:$Z, MONTH(TRECHOS_LONGOS!$F:$F), row()-1, TRECHOS_LONGOS!$H:$H, "AÉREO", TRECHOS_LONGOS!$O:$O, "GOL")} -> 0 | E3: {=SUMIFS(TRECHOS_LONGOS!$Z:$Z, MONTH(TRECHOS_LONGOS!$F:$F), row()-1, TRECHOS_LONGOS!$H:$H, "AÉREO", TRECHOS_LONGOS!$O:$O, "LATAM")} -> 0 | F3: {=COUNTIFS(MONTH(TRECHOS_LONGOS!$F:$F), row()-1, TRECHOS_LONGOS!$H:$H, "AÉREO")} -> 13 | G3: {=COUNTIFS(MONTH(TRECHOS_LONGOS!$F:$F), row()-1, TRECHOS_LONGOS!$H:$H, "AÉREO", TRECHOS_LONGOS!Z:Z, "<>0")} -> 0 | H3: {=SUMIFS(TRECHOS_LONGOS!$P:$P, MONTH(TRECHOS_LONGOS!$F:$F), row()-1, TRECHOS_LONGOS!$H:$H, "AÉREO")} -> 21290 | I3: {=SUMIFS(TRECHOS_LONGOS!$P:$P, MONTH(TRECHOS_LONGOS!$F:$F), row()-1, TRECHOS_LONGOS!$H:$H, "AÉREO", TRECHOS_LONGOS!$Z:$Z, "<>0")} -> 0 | J3: =if( F3 = 0, 0, round( B3 / F3, 2)) -> 1896.56 | K3: =if( G3 = 0, 0, round( (C3+D3+E3) / G3, 2)) -> 0 | L3: =if( H3 = 0, 0, round(B3 / H3, 2)) -> 1.16 | M3: =if( I3 = 0, 0, round( (C3+D3+E3) / I3, 2)) -> 0 | N3: {=IF( COUNTIFS(MONTH(TRECHOS_LONGOS!$F:$F), ROW()-1) = 0, 0, ROUND( COUNTIFS(MONTH(TRECHOS_LONGOS!$F:$F), ROW()-1, TRECHOS_LONGOS!$S:$S, "SIM") / COUNTIFS(MONTH(TRECHOS_LONGOS!$F:$F), ROW()-1), 4) )} -> 0 | O3: {=SUMIFS(TRECHOS_LONGOS!$Y:$Y, MONTH(TRECHOS_LONGOS!$F:$F), row()-1, TRECHOS_LONGOS!$H:$H, "AÉREO", TRECHOS_LONGOS!$G:$G, "<=5")} -> 18307.73 | P3: {=COUNTIFS(MONTH(TRECHOS_LONGOS!$F:$F), row()-1, TRECHOS_LONGOS!$H:$H, "AÉREO", TRECHOS_LONGOS!$G:$G, "<=5")} -> 9 | Q3: =if($F3 = 0, 0, P3/$F3) -> 0.69230769 | R3: =if( P3 = 0, 0, round( O3 / P3, 2)) -> 2034.19 | S3: {=SUMIFS(TRECHOS_LONGOS!$Y:$Y, MONTH(TRECHOS_LONGOS!$F:$F), row()-1, TRECHOS_LONGOS!$H:$H, "AÉREO", TRECHOS_LONGOS!$G:$G, ">5", TRECHOS_LONGOS!$G:$G, "<=15")} -> 6347.52 | T3: {=COUNTIFS(MONTH(TRECHOS_LONGOS!$F:$F), row()-1, TRECHOS_LONGOS!$H:$H, "AÉREO", TRECHOS_LONGOS!$G:$G, ">5", TRECHOS_LONGOS!$G:$G, "<=15")} -> 4 | U3: =if($F3 = 0, 0, T3/$F3) -> 0.30769231 | V3: =if( T3 = 0, 0, round(S3 / T3, 2)) -> 1586.88 | W3: {=SUMIFS(TRECHOS_LONGOS!$Y:$Y, MONTH(TRECHOS_LONGOS!$F:$F), row()-1, TRECHOS_LONGOS!$H:$H, "AÉREO", TRECHOS_LONGOS!$G:$G, ">=16")} -> 0 | X3: {=COUNTIFS(MONTH(TRECHOS_LONGOS!$F:$F), row()-1, TRECHOS_LONGOS!$H:$H, "AÉREO", TRECHOS_LONGOS!$G:$G, ">=16")} -> 0 | Y3: =if($F3 = 0, 0, X3/$F3) -> 0 | Z3: =if( X3 = 0, 0, round( W3 / X3, 2)) -> 0 | AA3: {=SUMIFS(TRECHOS_LONGOS!$Y:$Y, MONTH(TRECHOS_LONGOS!$F:$F), row()-1, TRECHOS_LONGOS!$H:$H, "TERRESTRE")} -> 0 | AB3: {=COUNTIFS(MONTH(TRECHOS_LONGOS!$F:$F), row()-1, TRECHOS_LONGOS!$H:$H, "TERRESTRE")} -> 0 | AC3: {=SUMIFS(TRECHOS_LONGOS!$P:$P, MONTH(TRECHOS_LONGOS!$F:$F), row()-1, TRECHOS_LONGOS!$H:$H, "TERRESTRE")} -> 0 | AD3: =if( AB3 = 0, 0, round( AA3 / AB3, 2)) -> 0 | AE3: =if( AC3 = 0, 0, round( AA3 / AC3, 2)) -> 0 | AF3: {=SUMIF(MONTH(HOSPEDAGEM!$E:$E), ROW()-1,HOSPEDAGEM!$J:$J)} -> 3643.5 | AG3: {=SUMIF(MONTH(HOSPEDAGEM!$E:$E), ROW()-1,HOSPEDAGEM!$G:$G)} -> 6 | AH3: =IF( AG3 = 0, 0, ROUND( AF3 / AG3, 2 ) ) -> 607.25 | AI3: {=SUMIF(MONTH(DADOS_POR_VIAGEM!$B:$B), ROW()-1, DADOS_POR_VIAGEM!$H:$H)} -> 28298.75 | AJ3: {=if(row() >= 13, 0, COUNTIF(MONTH(DADOS_POR_VIAGEM!$B:$B), ROW()-1))} -> 2 | AK3: =IF( AJ3 = 0, 0, ROUND( AI3 / AJ3, 2 ) ) -> 14149.38
A4: Março | B4: {=SUMIFS(TRECHOS_LONGOS!$Y:$Y, MONTH(TRECHOS_LONGOS!$F:$F), row()-1, TRECHOS_LONGOS!$H:$H, "AÉREO")} -> 119713.83 | C4: {=SUMIFS(TRECHOS_LONGOS!$Z:$Z, MONTH(TRECHOS_LONGOS!$F:$F), row()-1, TRECHOS_LONGOS!$H:$H, "AÉREO", TRECHOS_LONGOS!$O:$O, "AZUL")} -> 530400 | D4: {=SUMIFS(TRECHOS_LONGOS!$Z:$Z, MONTH(TRECHOS_LONGOS!$F:$F), row()-1, TRECHOS_LONGOS!$H:$H, "AÉREO", TRECHOS_LONGOS!$O:$O, "GOL")} -> 0 | E4: {=SUMIFS(TRECHOS_LONGOS!$Z:$Z, MONTH(TRECHOS_LONGOS!$F:$F), row()-1, TRECHOS_LONGOS!$H:$H, "AÉREO", TRECHOS_LONGOS!$O:$O, "LATAM")} -> 0 | F4: {=COUNTIFS(MONTH(TRECHOS_LONGOS!$F:$F), row()-1, TRECHOS_LONGOS!$H:$H, "AÉREO")} -> 61 | G4: {=COUNTIFS(MONTH(TRECHOS_LONGOS!$F:$F), row()-1, TRECHOS_LONGOS!$H:$H, "AÉREO", TRECHOS_LONGOS!Z:Z, "<>0")} -> 8 | H4: {=SUMIFS(TRECHOS_LONGOS!$P:$P, MONTH(TRECHOS_LONGOS!$F:$F), row()-1, TRECHOS_LONGOS!$H:$H, "AÉREO")} -> 77375 | I4: {=SUMIFS(TRECHOS_LONGOS!$P:$P, MONTH(TRECHOS_LONGOS!$F:$F), row()-1, TRECHOS_LONGOS!$H:$H, "AÉREO", TRECHOS_LONGOS!$Z:$Z, "<>0")} -> 5440 | J4: =if( F4 = 0, 0, round( B4 / F4, 2)) -> 1962.52 | K4: =if( G4 = 0, 0, round( (C4+D4+E4) / G4, 2)) -> 66300 | L4: =if( H4 = 0, 0, round(B4 / H4, 2)) -> 1.55 | M4: =if( I4 = 0, 0, round( (C4+D4+E4) / I4, 2)) -> 97.5 | N4: {=IF( COUNTIFS(MONTH(TRECHOS_LONGOS!$F:$F), ROW()-1) = 0, 0, ROUND( COUNTIFS(MONTH(TRECHOS_LONGOS!$F:$F), ROW()-1, TRECHOS_LONGOS!$S:$S, "SIM") / COUNTIFS(MONTH(TRECHOS_LONGOS!$F:$F), ROW()-1), 4) )} -> 0.1385 | O4: {=SUMIFS(TRECHOS_LONGOS!$Y:$Y, MONTH(TRECHOS_LONGOS!$F:$F), row()-1, TRECHOS_LONGOS!$H:$H, "AÉREO", TRECHOS_LONGOS!$G:$G, "<=5")} -> 89831.04 | P4: {=COUNTIFS(MONTH(TRECHOS_LONGOS!$F:$F), row()-1, TRECHOS_LONGOS!$H:$H, "AÉREO", TRECHOS_LONGOS!$G:$G, "<=5")} -> 40 | Q4: =if($F4 = 0, 0, P4/$F4) -> 0.6557377 | R4: =if( P4 = 0, 0, round( O4 / P4, 2)) -> 2245.78 | S4: {=SUMIFS(TRECHOS_LONGOS!$Y:$Y, MONTH(TRECHOS_LONGOS!$F:$F), row()-1, TRECHOS_LONGOS!$H:$H, "AÉREO", TRECHOS_LONGOS!$G:$G, ">5", TRECHOS_LONGOS!$G:$G, "<=15")} -> 27876.41 | T4: {=COUNTIFS(MONTH(TRECHOS_LONGOS!$F:$F), row()-1, TRECHOS_LONGOS!$H:$H, "AÉREO", TRECHOS_LONGOS!$G:$G, ">5", TRECHOS_LONGOS!$G:$G, "<=15")} -> 20 | U4: =if($F4 = 0, 0, T4/$F4) -> 0.32786885 | V4: =if( T4 = 0, 0, round(S4 / T4, 2)) -> 1393.82 | W4: {=SUMIFS(TRECHOS_LONGOS!$Y:$Y, MONTH(TRECHOS_LONGOS!$F:$F), row()-1, TRECHOS_LONGOS!$H:$H, "AÉREO", TRECHOS_LONGOS!$G:$G, ">=16")} -> 2006.38 | X4: {=COUNTIFS(MONTH(TRECHOS_LONGOS!$F:$F), row()-1, TRECHOS_LONGOS!$H:$H, "AÉREO", TRECHOS_LONGOS!$G:$G, ">=16")} -> 1 | Y4: =if($F4 = 0, 0, X4/$F4) -> 0.016393443 | Z4: =if( X4 = 0, 0, round( W4 / X4, 2)) -> 2006.38 | AA4: {=SUMIFS(TRECHOS_LONGOS!$Y:$Y, MONTH(TRECHOS_LONGOS!$F:$F), row()-1, TRECHOS_LONGOS!$H:$H, "TERRESTRE")} -> 265.6 | AB4: {=COUNTIFS(MONTH(TRECHOS_LONGOS!$F:$F), row()-1, TRECHOS_LONGOS!$H:$H, "TERRESTRE")} -> 4 | AC4: {=SUMIFS(TRECHOS_LONGOS!$P:$P, MONTH(TRECHOS_LONGOS!$F:$F), row()-1, TRECHOS_LONGOS!$H:$H, "TERRESTRE")} -> 760 | AD4: =if( AB4 = 0, 0, round( AA4 / AB4, 2)) -> 66.4 | AE4: =if( AC4 = 0, 0, round( AA4 / AC4, 2)) -> 0.35 | AF4: {=SUMIF(MONTH(HOSPEDAGEM!$E:$E), ROW()-1,HOSPEDAGEM!$J:$J)} -> 19096.23 | AG4: {=SUMIF(MONTH(HOSPEDAGEM!$E:$E), ROW()-1,HOSPEDAGEM!$G:$G)} -> 46 | AH4: =IF( AG4 = 0, 0, ROUND( AF4 / AG4, 2 ) ) -> 415.14 | AI4: {=SUMIF(MONTH(DADOS_POR_VIAGEM!$B:$B), ROW()-1, DADOS_POR_VIAGEM!$H:$H)} -> 139475.66 | AJ4: {=if(row() >= 13, 0, COUNTIF(MONTH(DADOS_POR_VIAGEM!$B:$B), ROW()-1))} -> 13 | AK4: =IF( AJ4 = 0, 0, ROUND( AI4 / AJ4, 2 ) ) -> 10728.9
A5: 46113 | B5: {=SUMIFS(TRECHOS_LONGOS!$Y:$Y, MONTH(TRECHOS_LONGOS!$F:$F), row()-1, TRECHOS_LONGOS!$H:$H, "AÉREO")} -> 0 | C5: {=SUMIFS(TRECHOS_LONGOS!$Z:$Z, MONTH(TRECHOS_LONGOS!$F:$F), row()-1, TRECHOS_LONGOS!$H:$H, "AÉREO", TRECHOS_LONGOS!$O:$O, "AZUL")} -> 0 | D5: {=SUMIFS(TRECHOS_LONGOS!$Z:$Z, MONTH(TRECHOS_LONGOS!$F:$F), row()-1, TRECHOS_LONGOS!$H:$H, "AÉREO", TRECHOS_LONGOS!$O:$O, "GOL")} -> 0 | E5: {=SUMIFS(TRECHOS_LONGOS!$Z:$Z, MONTH(TRECHOS_LONGOS!$F:$F), row()-1, TRECHOS_LONGOS!$H:$H, "AÉREO", TRECHOS_LONGOS!$O:$O, "LATAM")} -> 0 | F5: {=COUNTIFS(MONTH(TRECHOS_LONGOS!$F:$F), row()-1, TRECHOS_LONGOS!$H:$H, "AÉREO")} -> 0 | G5: {=COUNTIFS(MONTH(TRECHOS_LONGOS!$F:$F), row()-1, TRECHOS_LONGOS!$H:$H, "AÉREO", TRECHOS_LONGOS!Z:Z, "<>0")} -> 0 | H5: {=SUMIFS(TRECHOS_LONGOS!$P:$P, MONTH(TRECHOS_LONGOS!$F:$F), row()-1, TRECHOS_LONGOS!$H:$H, "AÉREO")} -> 0 | I5: {=SUMIFS(TRECHOS_LONGOS!$P:$P, MONTH(TRECHOS_LONGOS!$F:$F), row()-1, TRECHOS_LONGOS!$H:$H, "AÉREO", TRECHOS_LONGOS!$Z:$Z, "<>0")} -> 0 | J5: =if( F5 = 0, 0, round( B5 / F5, 2)) -> 0 | K5: =if( G5 = 0, 0, round( (C5+D5+E5) / G5, 2)) -> 0 | L5: =if( H5 = 0, 0, round(B5 / H5, 2)) -> 0 | M5: =if( I5 = 0, 0, round( (C5+D5+E5) / I5, 2)) -> 0 | N5: {=IF( COUNTIFS(MONTH(TRECHOS_LONGOS!$F:$F), ROW()-1) = 0, 0, ROUND( COUNTIFS(MONTH(TRECHOS_LONGOS!$F:$F), ROW()-1, TRECHOS_LONGOS!$S:$S, "SIM") / COUNTIFS(MONTH(TRECHOS_LONGOS!$F:$F), ROW()-1), 4) )} -> 0 | O5: {=SUMIFS(TRECHOS_LONGOS!$Y:$Y, MONTH(TRECHOS_LONGOS!$F:$F), row()-1, TRECHOS_LONGOS!$H:$H, "AÉREO", TRECHOS_LONGOS!$G:$G, "<=5")} -> 0 | P5: {=COUNTIFS(MONTH(TRECHOS_LONGOS!$F:$F), row()-1, TRECHOS_LONGOS!$H:$H, "AÉREO", TRECHOS_LONGOS!$G:$G, "<=5")} -> 0 | Q5: =if($F5 = 0, 0, P5/$F5) -> 0 | R5: =if( P5 = 0, 0, round( O5 / P5, 2)) -> 0 | S5: {=SUMIFS(TRECHOS_LONGOS!$Y:$Y, MONTH(TRECHOS_LONGOS!$F:$F), row()-1, TRECHOS_LONGOS!$H:$H, "AÉREO", TRECHOS_LONGOS!$G:$G, ">5", TRECHOS_LONGOS!$G:$G, "<=15")} -> 0 | T5: {=COUNTIFS(MONTH(TRECHOS_LONGOS!$F:$F), row()-1, TRECHOS_LONGOS!$H:$H, "AÉREO", TRECHOS_LONGOS!$G:$G, ">5", TRECHOS_LONGOS!$G:$G, "<=15")} -> 0 | U5: =if($F5 = 0, 0, T5/$F5) -> 0 | V5: =if( T5 = 0, 0, round(S5 / T5, 2)) -> 0 | W5: {=SUMIFS(TRECHOS_LONGOS!$Y:$Y, MONTH(TRECHOS_LONGOS!$F:$F), row()-1, TRECHOS_LONGOS!$H:$H, "AÉREO", TRECHOS_LONGOS!$G:$G, ">=16")} -> 0 | X5: {=COUNTIFS(MONTH(TRECHOS_LONGOS!$F:$F), row()-1, TRECHOS_LONGOS!$H:$H, "AÉREO", TRECHOS_LONGOS!$G:$G, ">=16")} -> 0 | Y5: =if($F5 = 0, 0, X5/$F5) -> 0 | Z5: =if( X5 = 0, 0, round( W5 / X5, 2)) -> 0 | AA5: {=SUMIFS(TRECHOS_LONGOS!$Y:$Y, MONTH(TRECHOS_LONGOS!$F:$F), row()-1, TRECHOS_LONGOS!$H:$H, "TERRESTRE")} -> 0 | AB5: {=COUNTIFS(MONTH(TRECHOS_LONGOS!$F:$F), row()-1, TRECHOS_LONGOS!$H:$H, "TERRESTRE")} -> 0 | AC5: {=SUMIFS(TRECHOS_LONGOS!$P:$P, MONTH(TRECHOS_LONGOS!$F:$F), row()-1, TRECHOS_LONGOS!$H:$H, "TERRESTRE")} -> 0 | AD5: =if( AB5 = 0, 0, round( AA5 / AB5, 2)) -> 0 | AE5: =if( AC5 = 0, 0, round( AA5 / AC5, 2)) -> 0 | AF5: {=SUMIF(MONTH(HOSPEDAGEM!$E:$E), ROW()-1,HOSPEDAGEM!$J:$J)} -> 0 | AG5: {=SUMIF(MONTH(HOSPEDAGEM!$E:$E), ROW()-1,HOSPEDAGEM!$G:$G)} -> 0 | AH5: =IF( AG5 = 0, 0, ROUND( AF5 / AG5, 2 ) ) -> 0 | AI5: {=SUMIF(MONTH(DADOS_POR_VIAGEM!$B:$B), ROW()-1, DADOS_POR_VIAGEM!$H:$H)} -> 0 | AJ5: {=if(row() >= 13, 0, COUNTIF(MONTH(DADOS_POR_VIAGEM!$B:$B), ROW()-1))} -> 0 | AK5: =IF( AJ5 = 0, 0, ROUND( AI5 / AJ5, 2 ) ) -> 0
A6: 46143 | B6: {=SUMIFS(TRECHOS_LONGOS!$Y:$Y, MONTH(TRECHOS_LONGOS!$F:$F), row()-1, TRECHOS_LONGOS!$H:$H, "AÉREO")} -> 0 | C6: {=SUMIFS(TRECHOS_LONGOS!$Z:$Z, MONTH(TRECHOS_LONGOS!$F:$F), row()-1, TRECHOS_LONGOS!$H:$H, "AÉREO", TRECHOS_LONGOS!$O:$O, "AZUL")} -> 0 | D6: {=SUMIFS(TRECHOS_LONGOS!$Z:$Z, MONTH(TRECHOS_LONGOS!$F:$F), row()-1, TRECHOS_LONGOS!$H:$H, "AÉREO", TRECHOS_LONGOS!$O:$O, "GOL")} -> 0 | E6: {=SUMIFS(TRECHOS_LONGOS!$Z:$Z, MONTH(TRECHOS_LONGOS!$F:$F), row()-1, TRECHOS_LONGOS!$H:$H, "AÉREO", TRECHOS_LONGOS!$O:$O, "LATAM")} -> 0 | F6: {=COUNTIFS(MONTH(TRECHOS_LONGOS!$F:$F), row()-1, TRECHOS_LONGOS!$H:$H, "AÉREO")} -> 0 | G6: {=COUNTIFS(MONTH(TRECHOS_LONGOS!$F:$F), row()-1, TRECHOS_LONGOS!$H:$H, "AÉREO", TRECHOS_LONGOS!Z:Z, "<>0")} -> 0 | H6: {=SUMIFS(TRECHOS_LONGOS!$P:$P, MONTH(TRECHOS_LONGOS!$F:$F), row()-1, TRECHOS_LONGOS!$H:$H, "AÉREO")} -> 0 | I6: {=SUMIFS(TRECHOS_LONGOS!$P:$P, MONTH(TRECHOS_LONGOS!$F:$F), row()-1, TRECHOS_LONGOS!$H:$H, "AÉREO", TRECHOS_LONGOS!$Z:$Z, "<>0")} -> 0 | J6: =if( F6 = 0, 0, round( B6 / F6, 2)) -> 0 | K6: =if( G6 = 0, 0, round( (C6+D6+E6) / G6, 2)) -> 0 | L6: =if( H6 = 0, 0, round(B6 / H6, 2)) -> 0 | M6: =if( I6 = 0, 0, round( (C6+D6+E6) / I6, 2)) -> 0 | N6: {=IF( COUNTIFS(MONTH(TRECHOS_LONGOS!$F:$F), ROW()-1) = 0, 0, ROUND( COUNTIFS(MONTH(TRECHOS_LONGOS!$F:$F), ROW()-1, TRECHOS_LONGOS!$S:$S, "SIM") / COUNTIFS(MONTH(TRECHOS_LONGOS!$F:$F), ROW()-1), 4) )} -> 0 | O6: {=SUMIFS(TRECHOS_LONGOS!$Y:$Y, MONTH(TRECHOS_LONGOS!$F:$F), row()-1, TRECHOS_LONGOS!$H:$H, "AÉREO", TRECHOS_LONGOS!$G:$G, "<=5")} -> 0 | P6: {=COUNTIFS(MONTH(TRECHOS_LONGOS!$F:$F), row()-1, TRECHOS_LONGOS!$H:$H, "AÉREO", TRECHOS_LONGOS!$G:$G, "<=5")} -> 0 | Q6: =if($F6 = 0, 0, P6/$F6) -> 0 | R6: =if( P6 = 0, 0, round( O6 / P6, 2)) -> 0 | S6: {=SUMIFS(TRECHOS_LONGOS!$Y:$Y, MONTH(TRECHOS_LONGOS!$F:$F), row()-1, TRECHOS_LONGOS!$H:$H, "AÉREO", TRECHOS_LONGOS!$G:$G, ">5", TRECHOS_LONGOS!$G:$G, "<=15")} -> 0 | T6: {=COUNTIFS(MONTH(TRECHOS_LONGOS!$F:$F), row()-1, TRECHOS_LONGOS!$H:$H, "AÉREO", TRECHOS_LONGOS!$G:$G, ">5", TRECHOS_LONGOS!$G:$G, "<=15")} -> 0 | U6: =if($F6 = 0, 0, T6/$F6) -> 0 | V6: =if( T6 = 0, 0, round(S6 / T6, 2)) -> 0 | W6: {=SUMIFS(TRECHOS_LONGOS!$Y:$Y, MONTH(TRECHOS_LONGOS!$F:$F), row()-1, TRECHOS_LONGOS!$H:$H, "AÉREO", TRECHOS_LONGOS!$G:$G, ">=16")} -> 0 | X6: {=COUNTIFS(MONTH(TRECHOS_LONGOS!$F:$F), row()-1, TRECHOS_LONGOS!$H:$H, "AÉREO", TRECHOS_LONGOS!$G:$G, ">=16")} -> 0 | Y6: =if($F6 = 0, 0, X6/$F6) -> 0 | Z6: =if( X6 = 0, 0, round( W6 / X6, 2)) -> 0 | AA6: {=SUMIFS(TRECHOS_LONGOS!$Y:$Y, MONTH(TRECHOS_LONGOS!$F:$F), row()-1, TRECHOS_LONGOS!$H:$H, "TERRESTRE")} -> 0 | AB6: {=COUNTIFS(MONTH(TRECHOS_LONGOS!$F:$F), row()-1, TRECHOS_LONGOS!$H:$H, "TERRESTRE")} -> 0 | AC6: {=SUMIFS(TRECHOS_LONGOS!$P:$P, MONTH(TRECHOS_LONGOS!$F:$F), row()-1, TRECHOS_LONGOS!$H:$H, "TERRESTRE")} -> 0 | AD6: =if( AB6 = 0, 0, round( AA6 / AB6, 2)) -> 0 | AE6: =if( AC6 = 0, 0, round( AA6 / AC6, 2)) -> 0 | AF6: {=SUMIF(MONTH(HOSPEDAGEM!$E:$E), ROW()-1,HOSPEDAGEM!$J:$J)} -> 0 | AG6: {=SUMIF(MONTH(HOSPEDAGEM!$E:$E), ROW()-1,HOSPEDAGEM!$G:$G)} -> 0 | AH6: =IF( AG6 = 0, 0, ROUND( AF6 / AG6, 2 ) ) -> 0 | AI6: {=SUMIF(MONTH(DADOS_POR_VIAGEM!$B:$B), ROW()-1, DADOS_POR_VIAGEM!$H:$H)} -> 0 | AJ6: {=if(row() >= 13, 0, COUNTIF(MONTH(DADOS_POR_VIAGEM!$B:$B), ROW()-1))} -> 0 | AK6: =IF( AJ6 = 0, 0, ROUND( AI6 / AJ6, 2 ) ) -> 0
A7: 46174 | B7: {=SUMIFS(TRECHOS_LONGOS!$Y:$Y, MONTH(TRECHOS_LONGOS!$F:$F), row()-1, TRECHOS_LONGOS!$H:$H, "AÉREO")} -> 0 | C7: {=SUMIFS(TRECHOS_LONGOS!$Z:$Z, MONTH(TRECHOS_LONGOS!$F:$F), row()-1, TRECHOS_LONGOS!$H:$H, "AÉREO", TRECHOS_LONGOS!$O:$O, "AZUL")} -> 0 | D7: {=SUMIFS(TRECHOS_LONGOS!$Z:$Z, MONTH(TRECHOS_LONGOS!$F:$F), row()-1, TRECHOS_LONGOS!$H:$H, "AÉREO", TRECHOS_LONGOS!$O:$O, "GOL")} -> 0 | E7: {=SUMIFS(TRECHOS_LONGOS!$Z:$Z, MONTH(TRECHOS_LONGOS!$F:$F), row()-1, TRECHOS_LONGOS!$H:$H, "AÉREO", TRECHOS_LONGOS!$O:$O, "LATAM")} -> 0 | F7: {=COUNTIFS(MONTH(TRECHOS_LONGOS!$F:$F), row()-1, TRECHOS_LONGOS!$H:$H, "AÉREO")} -> 0 | G7: {=COUNTIFS(MONTH(TRECHOS_LONGOS!$F:$F), row()-1, TRECHOS_LONGOS!$H:$H, "AÉREO", TRECHOS_LONGOS!Z:Z, "<>0")} -> 0 | H7: {=SUMIFS(TRECHOS_LONGOS!$P:$P, MONTH(TRECHOS_LONGOS!$F:$F), row()-1, TRECHOS_LONGOS!$H:$H, "AÉREO")} -> 0 | I7: {=SUMIFS(TRECHOS_LONGOS!$P:$P, MONTH(TRECHOS_LONGOS!$F:$F), row()-1, TRECHOS_LONGOS!$H:$H, "AÉREO", TRECHOS_LONGOS!$Z:$Z, "<>0")} -> 0 | J7: =if( F7 = 0, 0, round( B7 / F7, 2)) -> 0 | K7: =if( G7 = 0, 0, round( (C7+D7+E7) / G7, 2)) -> 0 | L7: =if( H7 = 0, 0, round(B7 / H7, 2)) -> 0 | M7: =if( I7 = 0, 0, round( (C7+D7+E7) / I7, 2)) -> 0 | N7: {=IF( COUNTIFS(MONTH(TRECHOS_LONGOS!$F:$F), ROW()-1) = 0, 0, ROUND( COUNTIFS(MONTH(TRECHOS_LONGOS!$F:$F), ROW()-1, TRECHOS_LONGOS!$S:$S, "SIM") / COUNTIFS(MONTH(TRECHOS_LONGOS!$F:$F), ROW()-1), 4) )} -> 0 | O7: {=SUMIFS(TRECHOS_LONGOS!$Y:$Y, MONTH(TRECHOS_LONGOS!$F:$F), row()-1, TRECHOS_LONGOS!$H:$H, "AÉREO", TRECHOS_LONGOS!$G:$G, "<=5")} -> 0 | P7: {=COUNTIFS(MONTH(TRECHOS_LONGOS!$F:$F), row()-1, TRECHOS_LONGOS!$H:$H, "AÉREO", TRECHOS_LONGOS!$G:$G, "<=5")} -> 0 | Q7: =if($F7 = 0, 0, P7/$F7) -> 0 | R7: =if( P7 = 0, 0, round( O7 / P7, 2)) -> 0 | S7: {=SUMIFS(TRECHOS_LONGOS!$Y:$Y, MONTH(TRECHOS_LONGOS!$F:$F), row()-1, TRECHOS_LONGOS!$H:$H, "AÉREO", TRECHOS_LONGOS!$G:$G, ">5", TRECHOS_LONGOS!$G:$G, "<=15")} -> 0 | T7: {=COUNTIFS(MONTH(TRECHOS_LONGOS!$F:$F), row()-1, TRECHOS_LONGOS!$H:$H, "AÉREO", TRECHOS_LONGOS!$G:$G, ">5", TRECHOS_LONGOS!$G:$G, "<=15")} -> 0 | U7: =if($F7 = 0, 0, T7/$F7) -> 0 | V7: =if( T7 = 0, 0, round(S7 / T7, 2)) -> 0 | W7: {=SUMIFS(TRECHOS_LONGOS!$Y:$Y, MONTH(TRECHOS_LONGOS!$F:$F), row()-1, TRECHOS_LONGOS!$H:$H, "AÉREO", TRECHOS_LONGOS!$G:$G, ">=16")} -> 0 | X7: {=COUNTIFS(MONTH(TRECHOS_LONGOS!$F:$F), row()-1, TRECHOS_LONGOS!$H:$H, "AÉREO", TRECHOS_LONGOS!$G:$G, ">=16")} -> 0 | Y7: =if($F7 = 0, 0, X7/$F7) -> 0 | Z7: =if( X7 = 0, 0, round( W7 / X7, 2)) -> 0 | AA7: {=SUMIFS(TRECHOS_LONGOS!$Y:$Y, MONTH(TRECHOS_LONGOS!$F:$F), row()-1, TRECHOS_LONGOS!$H:$H, "TERRESTRE")} -> 0 | AB7: {=COUNTIFS(MONTH(TRECHOS_LONGOS!$F:$F), row()-1, TRECHOS_LONGOS!$H:$H, "TERRESTRE")} -> 0 | AC7: {=SUMIFS(TRECHOS_LONGOS!$P:$P, MONTH(TRECHOS_LONGOS!$F:$F), row()-1, TRECHOS_LONGOS!$H:$H, "TERRESTRE")} -> 0 | AD7: =if( AB7 = 0, 0, round( AA7 / AB7, 2)) -> 0 | AE7: =if( AC7 = 0, 0, round( AA7 / AC7, 2)) -> 0 | AF7: {=SUMIF(MONTH(HOSPEDAGEM!$E:$E), ROW()-1,HOSPEDAGEM!$J:$J)} -> 0 | AG7: {=SUMIF(MONTH(HOSPEDAGEM!$E:$E), ROW()-1,HOSPEDAGEM!$G:$G)} -> 0 | AH7: =IF( AG7 = 0, 0, ROUND( AF7 / AG7, 2 ) ) -> 0 | AI7: {=SUMIF(MONTH(DADOS_POR_VIAGEM!$B:$B), ROW()-1, DADOS_POR_VIAGEM!$H:$H)} -> 0 | AJ7: {=if(row() >= 13, 0, COUNTIF(MONTH(DADOS_POR_VIAGEM!$B:$B), ROW()-1))} -> 0 | AK7: =IF( AJ7 = 0, 0, ROUND( AI7 / AJ7, 2 ) ) -> 0
A8: 46204 | B8: {=SUMIFS(TRECHOS_LONGOS!$Y:$Y, MONTH(TRECHOS_LONGOS!$F:$F), row()-1, TRECHOS_LONGOS!$H:$H, "AÉREO")} -> 0 | C8: {=SUMIFS(TRECHOS_LONGOS!$Z:$Z, MONTH(TRECHOS_LONGOS!$F:$F), row()-1, TRECHOS_LONGOS!$H:$H, "AÉREO", TRECHOS_LONGOS!$O:$O, "AZUL")} -> 0 | D8: {=SUMIFS(TRECHOS_LONGOS!$Z:$Z, MONTH(TRECHOS_LONGOS!$F:$F), row()-1, TRECHOS_LONGOS!$H:$H, "AÉREO", TRECHOS_LONGOS!$O:$O, "GOL")} -> 0 | E8: {=SUMIFS(TRECHOS_LONGOS!$Z:$Z, MONTH(TRECHOS_LONGOS!$F:$F), row()-1, TRECHOS_LONGOS!$H:$H, "AÉREO", TRECHOS_LONGOS!$O:$O, "LATAM")} -> 0 | F8: {=COUNTIFS(MONTH(TRECHOS_LONGOS!$F:$F), row()-1, TRECHOS_LONGOS!$H:$H, "AÉREO")} -> 0 | G8: {=COUNTIFS(MONTH(TRECHOS_LONGOS!$F:$F), row()-1, TRECHOS_LONGOS!$H:$H, "AÉREO", TRECHOS_LONGOS!Z:Z, "<>0")} -> 0 | H8: {=SUMIFS(TRECHOS_LONGOS!$P:$P, MONTH(TRECHOS_LONGOS!$F:$F), row()-1, TRECHOS_LONGOS!$H:$H, "AÉREO")} -> 0 | I8: {=SUMIFS(TRECHOS_LONGOS!$P:$P, MONTH(TRECHOS_LONGOS!$F:$F), row()-1, TRECHOS_LONGOS!$H:$H, "AÉREO", TRECHOS_LONGOS!$Z:$Z, "<>0")} -> 0 | J8: =if( F8 = 0, 0, round( B8 / F8, 2)) -> 0 | K8: =if( G8 = 0, 0, round( (C8+D8+E8) / G8, 2)) -> 0 | L8: =if( H8 = 0, 0, round(B8 / H8, 2)) -> 0 | M8: =if( I8 = 0, 0, round( (C8+D8+E8) / I8, 2)) -> 0 | N8: {=IF( COUNTIFS(MONTH(TRECHOS_LONGOS!$F:$F), ROW()-1) = 0, 0, ROUND( COUNTIFS(MONTH(TRECHOS_LONGOS!$F:$F), ROW()-1, TRECHOS_LONGOS!$S:$S, "SIM") / COUNTIFS(MONTH(TRECHOS_LONGOS!$F:$F), ROW()-1), 4) )} -> 0 | O8: {=SUMIFS(TRECHOS_LONGOS!$Y:$Y, MONTH(TRECHOS_LONGOS!$F:$F), row()-1, TRECHOS_LONGOS!$H:$H, "AÉREO", TRECHOS_LONGOS!$G:$G, "<=5")} -> 0 | P8: {=COUNTIFS(MONTH(TRECHOS_LONGOS!$F:$F), row()-1, TRECHOS_LONGOS!$H:$H, "AÉREO", TRECHOS_LONGOS!$G:$G, "<=5")} -> 0 | Q8: =if($F8 = 0, 0, P8/$F8) -> 0 | R8: =if( P8 = 0, 0, round( O8 / P8, 2)) -> 0 | S8: {=SUMIFS(TRECHOS_LONGOS!$Y:$Y, MONTH(TRECHOS_LONGOS!$F:$F), row()-1, TRECHOS_LONGOS!$H:$H, "AÉREO", TRECHOS_LONGOS!$G:$G, ">5", TRECHOS_LONGOS!$G:$G, "<=15")} -> 0 | T8: {=COUNTIFS(MONTH(TRECHOS_LONGOS!$F:$F), row()-1, TRECHOS_LONGOS!$H:$H, "AÉREO", TRECHOS_LONGOS!$G:$G, ">5", TRECHOS_LONGOS!$G:$G, "<=15")} -> 0 | U8: =if($F8 = 0, 0, T8/$F8) -> 0 | V8: =if( T8 = 0, 0, round(S8 / T8, 2)) -> 0 | W8: {=SUMIFS(TRECHOS_LONGOS!$Y:$Y, MONTH(TRECHOS_LONGOS!$F:$F), row()-1, TRECHOS_LONGOS!$H:$H, "AÉREO", TRECHOS_LONGOS!$G:$G, ">=16")} -> 0 | X8: {=COUNTIFS(MONTH(TRECHOS_LONGOS!$F:$F), row()-1, TRECHOS_LONGOS!$H:$H, "AÉREO", TRECHOS_LONGOS!$G:$G, ">=16")} -> 0 | Y8: =if($F8 = 0, 0, X8/$F8) -> 0 | Z8: =if( X8 = 0, 0, round( W8 / X8, 2)) -> 0 | AA8: {=SUMIFS(TRECHOS_LONGOS!$Y:$Y, MONTH(TRECHOS_LONGOS!$F:$F), row()-1, TRECHOS_LONGOS!$H:$H, "TERRESTRE")} -> 0 | AB8: {=COUNTIFS(MONTH(TRECHOS_LONGOS!$F:$F), row()-1, TRECHOS_LONGOS!$H:$H, "TERRESTRE")} -> 0 | AC8: {=SUMIFS(TRECHOS_LONGOS!$P:$P, MONTH(TRECHOS_LONGOS!$F:$F), row()-1, TRECHOS_LONGOS!$H:$H, "TERRESTRE")} -> 0 | AD8: =if( AB8 = 0, 0, round( AA8 / AB8, 2)) -> 0 | AE8: =if( AC8 = 0, 0, round( AA8 / AC8, 2)) -> 0 | AF8: {=SUMIF(MONTH(HOSPEDAGEM!$E:$E), ROW()-1,HOSPEDAGEM!$J:$J)} -> 0 | AG8: {=SUMIF(MONTH(HOSPEDAGEM!$E:$E), ROW()-1,HOSPEDAGEM!$G:$G)} -> 0 | AH8: =IF( AG8 = 0, 0, ROUND( AF8 / AG8, 2 ) ) -> 0 | AI8: {=SUMIF(MONTH(DADOS_POR_VIAGEM!$B:$B), ROW()-1, DADOS_POR_VIAGEM!$H:$H)} -> 0 | AJ8: {=if(row() >= 13, 0, COUNTIF(MONTH(DADOS_POR_VIAGEM!$B:$B), ROW()-1))} -> 0 | AK8: =IF( AJ8 = 0, 0, ROUND( AI8 / AJ8, 2 ) ) -> 0
A9: 46235 | B9: {=SUMIFS(TRECHOS_LONGOS!$Y:$Y, MONTH(TRECHOS_LONGOS!$F:$F), row()-1, TRECHOS_LONGOS!$H:$H, "AÉREO")} -> 0 | C9: {=SUMIFS(TRECHOS_LONGOS!$Z:$Z, MONTH(TRECHOS_LONGOS!$F:$F), row()-1, TRECHOS_LONGOS!$H:$H, "AÉREO", TRECHOS_LONGOS!$O:$O, "AZUL")} -> 0 | D9: {=SUMIFS(TRECHOS_LONGOS!$Z:$Z, MONTH(TRECHOS_LONGOS!$F:$F), row()-1, TRECHOS_LONGOS!$H:$H, "AÉREO", TRECHOS_LONGOS!$O:$O, "GOL")} -> 0 | E9: {=SUMIFS(TRECHOS_LONGOS!$Z:$Z, MONTH(TRECHOS_LONGOS!$F:$F), row()-1, TRECHOS_LONGOS!$H:$H, "AÉREO", TRECHOS_LONGOS!$O:$O, "LATAM")} -> 0 | F9: {=COUNTIFS(MONTH(TRECHOS_LONGOS!$F:$F), row()-1, TRECHOS_LONGOS!$H:$H, "AÉREO")} -> 0 | G9: {=COUNTIFS(MONTH(TRECHOS_LONGOS!$F:$F), row()-1, TRECHOS_LONGOS!$H:$H, "AÉREO", TRECHOS_LONGOS!Z:Z, "<>0")} -> 0 | H9: {=SUMIFS(TRECHOS_LONGOS!$P:$P, MONTH(TRECHOS_LONGOS!$F:$F), row()-1, TRECHOS_LONGOS!$H:$H, "AÉREO")} -> 0 | I9: {=SUMIFS(TRECHOS_LONGOS!$P:$P, MONTH(TRECHOS_LONGOS!$F:$F), row()-1, TRECHOS_LONGOS!$H:$H, "AÉREO", TRECHOS_LONGOS!$Z:$Z, "<>0")} -> 0 | J9: =if( F9 = 0, 0, round( B9 / F9, 2)) -> 0 | K9: =if( G9 = 0, 0, round( (C9+D9+E9) / G9, 2)) -> 0 | L9: =if( H9 = 0, 0, round(B9 / H9, 2)) -> 0 | M9: =if( I9 = 0, 0, round( (C9+D9+E9) / I9, 2)) -> 0 | N9: {=IF( COUNTIFS(MONTH(TRECHOS_LONGOS!$F:$F), ROW()-1) = 0, 0, ROUND( COUNTIFS(MONTH(TRECHOS_LONGOS!$F:$F), ROW()-1, TRECHOS_LONGOS!$S:$S, "SIM") / COUNTIFS(MONTH(TRECHOS_LONGOS!$F:$F), ROW()-1), 4) )} -> 0 | O9: {=SUMIFS(TRECHOS_LONGOS!$Y:$Y, MONTH(TRECHOS_LONGOS!$F:$F), row()-1, TRECHOS_LONGOS!$H:$H, "AÉREO", TRECHOS_LONGOS!$G:$G, "<=5")} -> 0 | P9: {=COUNTIFS(MONTH(TRECHOS_LONGOS!$F:$F), row()-1, TRECHOS_LONGOS!$H:$H, "AÉREO", TRECHOS_LONGOS!$G:$G, "<=5")} -> 0 | Q9: =if($F9 = 0, 0, P9/$F9) -> 0 | R9: =if( P9 = 0, 0, round( O9 / P9, 2)) -> 0 | S9: {=SUMIFS(TRECHOS_LONGOS!$Y:$Y, MONTH(TRECHOS_LONGOS!$F:$F), row()-1, TRECHOS_LONGOS!$H:$H, "AÉREO", TRECHOS_LONGOS!$G:$G, ">5", TRECHOS_LONGOS!$G:$G, "<=15")} -> 0 | T9: {=COUNTIFS(MONTH(TRECHOS_LONGOS!$F:$F), row()-1, TRECHOS_LONGOS!$H:$H, "AÉREO", TRECHOS_LONGOS!$G:$G, ">5", TRECHOS_LONGOS!$G:$G, "<=15")} -> 0 | U9: =if($F9 = 0, 0, T9/$F9) -> 0 | V9: =if( T9 = 0, 0, round(S9 / T9, 2)) -> 0 | W9: {=SUMIFS(TRECHOS_LONGOS!$Y:$Y, MONTH(TRECHOS_LONGOS!$F:$F), row()-1, TRECHOS_LONGOS!$H:$H, "AÉREO", TRECHOS_LONGOS!$G:$G, ">=16")} -> 0 | X9: {=COUNTIFS(MONTH(TRECHOS_LONGOS!$F:$F), row()-1, TRECHOS_LONGOS!$H:$H, "AÉREO", TRECHOS_LONGOS!$G:$G, ">=16")} -> 0 | Y9: =if($F9 = 0, 0, X9/$F9) -> 0 | Z9: =if( X9 = 0, 0, round( W9 / X9, 2)) -> 0 | AA9: {=SUMIFS(TRECHOS_LONGOS!$Y:$Y, MONTH(TRECHOS_LONGOS!$F:$F), row()-1, TRECHOS_LONGOS!$H:$H, "TERRESTRE")} -> 0 | AB9: {=COUNTIFS(MONTH(TRECHOS_LONGOS!$F:$F), row()-1, TRECHOS_LONGOS!$H:$H, "TERRESTRE")} -> 0 | AC9: {=SUMIFS(TRECHOS_LONGOS!$P:$P, MONTH(TRECHOS_LONGOS!$F:$F), row()-1, TRECHOS_LONGOS!$H:$H, "TERRESTRE")} -> 0 | AD9: =if( AB9 = 0, 0, round( AA9 / AB9, 2)) -> 0 | AE9: =if( AC9 = 0, 0, round( AA9 / AC9, 2)) -> 0 | AF9: {=SUMIF(MONTH(HOSPEDAGEM!$E:$E), ROW()-1,HOSPEDAGEM!$J:$J)} -> 0 | AG9: {=SUMIF(MONTH(HOSPEDAGEM!$E:$E), ROW()-1,HOSPEDAGEM!$G:$G)} -> 0 | AH9: =IF( AG9 = 0, 0, ROUND( AF9 / AG9, 2 ) ) -> 0 | AI9: {=SUMIF(MONTH(DADOS_POR_VIAGEM!$B:$B), ROW()-1, DADOS_POR_VIAGEM!$H:$H)} -> 0 | AJ9: {=if(row() >= 13, 0, COUNTIF(MONTH(DADOS_POR_VIAGEM!$B:$B), ROW()-1))} -> 0 | AK9: =IF( AJ9 = 0, 0, ROUND( AI9 / AJ9, 2 ) ) -> 0
A10: 46266 | B10: {=SUMIFS(TRECHOS_LONGOS!$Y:$Y, MONTH(TRECHOS_LONGOS!$F:$F), row()-1, TRECHOS_LONGOS!$H:$H, "AÉREO")} -> 0 | C10: {=SUMIFS(TRECHOS_LONGOS!$Z:$Z, MONTH(TRECHOS_LONGOS!$F:$F), row()-1, TRECHOS_LONGOS!$H:$H, "AÉREO", TRECHOS_LONGOS!$O:$O, "AZUL")} -> 0 | D10: {=SUMIFS(TRECHOS_LONGOS!$Z:$Z, MONTH(TRECHOS_LONGOS!$F:$F), row()-1, TRECHOS_LONGOS!$H:$H, "AÉREO", TRECHOS_LONGOS!$O:$O, "GOL")} -> 0 | E10: {=SUMIFS(TRECHOS_LONGOS!$Z:$Z, MONTH(TRECHOS_LONGOS!$F:$F), row()-1, TRECHOS_LONGOS!$H:$H, "AÉREO", TRECHOS_LONGOS!$O:$O, "LATAM")} -> 0 | F10: {=COUNTIFS(MONTH(TRECHOS_LONGOS!$F:$F), row()-1, TRECHOS_LONGOS!$H:$H, "AÉREO")} -> 0 | G10: {=COUNTIFS(MONTH(TRECHOS_LONGOS!$F:$F), row()-1, TRECHOS_LONGOS!$H:$H, "AÉREO", TRECHOS_LONGOS!Z:Z, "<>0")} -> 0 | H10: {=SUMIFS(TRECHOS_LONGOS!$P:$P, MONTH(TRECHOS_LONGOS!$F:$F), row()-1, TRECHOS_LONGOS!$H:$H, "AÉREO")} -> 0 | I10: {=SUMIFS(TRECHOS_LONGOS!$P:$P, MONTH(TRECHOS_LONGOS!$F:$F), row()-1, TRECHOS_LONGOS!$H:$H, "AÉREO", TRECHOS_LONGOS!$Z:$Z, "<>0")} -> 0 | J10: =if( F10 = 0, 0, round( B10 / F10, 2)) -> 0 | K10: =if( G10 = 0, 0, round( (C10+D10+E10) / G10, 2)) -> 0 | L10: =if( H10 = 0, 0, round(B10 / H10, 2)) -> 0 | M10: =if( I10 = 0, 0, round( (C10+D10+E10) / I10, 2)) -> 0 | N10: {=IF( COUNTIFS(MONTH(TRECHOS_LONGOS!$F:$F), ROW()-1) = 0, 0, ROUND( COUNTIFS(MONTH(TRECHOS_LONGOS!$F:$F), ROW()-1, TRECHOS_LONGOS!$S:$S, "SIM") / COUNTIFS(MONTH(TRECHOS_LONGOS!$F:$F), ROW()-1), 4) )} -> 0 | O10: {=SUMIFS(TRECHOS_LONGOS!$Y:$Y, MONTH(TRECHOS_LONGOS!$F:$F), row()-1, TRECHOS_LONGOS!$H:$H, "AÉREO", TRECHOS_LONGOS!$G:$G, "<=5")} -> 0 | P10: {=COUNTIFS(MONTH(TRECHOS_LONGOS!$F:$F), row()-1, TRECHOS_LONGOS!$H:$H, "AÉREO", TRECHOS_LONGOS!$G:$G, "<=5")} -> 0 | Q10: =if($F10 = 0, 0, P10/$F10) -> 0 | R10: =if( P10 = 0, 0, round( O10 / P10, 2)) -> 0 | S10: {=SUMIFS(TRECHOS_LONGOS!$Y:$Y, MONTH(TRECHOS_LONGOS!$F:$F), row()-1, TRECHOS_LONGOS!$H:$H, "AÉREO", TRECHOS_LONGOS!$G:$G, ">5", TRECHOS_LONGOS!$G:$G, "<=15")} -> 0 | T10: {=COUNTIFS(MONTH(TRECHOS_LONGOS!$F:$F), row()-1, TRECHOS_LONGOS!$H:$H, "AÉREO", TRECHOS_LONGOS!$G:$G, ">5", TRECHOS_LONGOS!$G:$G, "<=15")} -> 0 | U10: =if($F10 = 0, 0, T10/$F10) -> 0 | V10: =if( T10 = 0, 0, round(S10 / T10, 2)) -> 0 | W10: {=SUMIFS(TRECHOS_LONGOS!$Y:$Y, MONTH(TRECHOS_LONGOS!$F:$F), row()-1, TRECHOS_LONGOS!$H:$H, "AÉREO", TRECHOS_LONGOS!$G:$G, ">=16")} -> 0 | X10: {=COUNTIFS(MONTH(TRECHOS_LONGOS!$F:$F), row()-1, TRECHOS_LONGOS!$H:$H, "AÉREO", TRECHOS_LONGOS!$G:$G, ">=16")} -> 0 | Y10: =if($F10 = 0, 0, X10/$F10) -> 0 | Z10: =if( X10 = 0, 0, round( W10 / X10, 2)) -> 0 | AA10: {=SUMIFS(TRECHOS_LONGOS!$Y:$Y, MONTH(TRECHOS_LONGOS!$F:$F), row()-1, TRECHOS_LONGOS!$H:$H, "TERRESTRE")} -> 0 | AB10: {=COUNTIFS(MONTH(TRECHOS_LONGOS!$F:$F), row()-1, TRECHOS_LONGOS!$H:$H, "TERRESTRE")} -> 0 | AC10: {=SUMIFS(TRECHOS_LONGOS!$P:$P, MONTH(TRECHOS_LONGOS!$F:$F), row()-1, TRECHOS_LONGOS!$H:$H, "TERRESTRE")} -> 0 | AD10: =if( AB10 = 0, 0, round( AA10 / AB10, 2)) -> 0 | AE10: =if( AC10 = 0, 0, round( AA10 / AC10, 2)) -> 0 | AF10: {=SUMIF(MONTH(HOSPEDAGEM!$E:$E), ROW()-1,HOSPEDAGEM!$J:$J)} -> 0 | AG10: {=SUMIF(MONTH(HOSPEDAGEM!$E:$E), ROW()-1,HOSPEDAGEM!$G:$G)} -> 0 | AH10: =IF( AG10 = 0, 0, ROUND( AF10 / AG10, 2 ) ) -> 0 | AI10: {=SUMIF(MONTH(DADOS_POR_VIAGEM!$B:$B), ROW()-1, DADOS_POR_VIAGEM!$H:$H)} -> 0 | AJ10: {=if(row() >= 13, 0, COUNTIF(MONTH(DADOS_POR_VIAGEM!$B:$B), ROW()-1))} -> 0 | AK10: =IF( AJ10 = 0, 0, ROUND( AI10 / AJ10, 2 ) ) -> 0
A11: 46296 | B11: {=SUMIFS(TRECHOS_LONGOS!$Y:$Y, MONTH(TRECHOS_LONGOS!$F:$F), row()-1, TRECHOS_LONGOS!$H:$H, "AÉREO")} -> 0 | C11: {=SUMIFS(TRECHOS_LONGOS!$Z:$Z, MONTH(TRECHOS_LONGOS!$F:$F), row()-1, TRECHOS_LONGOS!$H:$H, "AÉREO", TRECHOS_LONGOS!$O:$O, "AZUL")} -> 0 | D11: {=SUMIFS(TRECHOS_LONGOS!$Z:$Z, MONTH(TRECHOS_LONGOS!$F:$F), row()-1, TRECHOS_LONGOS!$H:$H, "AÉREO", TRECHOS_LONGOS!$O:$O, "GOL")} -> 0 | E11: {=SUMIFS(TRECHOS_LONGOS!$Z:$Z, MONTH(TRECHOS_LONGOS!$F:$F), row()-1, TRECHOS_LONGOS!$H:$H, "AÉREO", TRECHOS_LONGOS!$O:$O, "LATAM")} -> 0 | F11: {=COUNTIFS(MONTH(TRECHOS_LONGOS!$F:$F), row()-1, TRECHOS_LONGOS!$H:$H, "AÉREO")} -> 0 | G11: {=COUNTIFS(MONTH(TRECHOS_LONGOS!$F:$F), row()-1, TRECHOS_LONGOS!$H:$H, "AÉREO", TRECHOS_LONGOS!Z:Z, "<>0")} -> 0 | H11: {=SUMIFS(TRECHOS_LONGOS!$P:$P, MONTH(TRECHOS_LONGOS!$F:$F), row()-1, TRECHOS_LONGOS!$H:$H, "AÉREO")} -> 0 | I11: {=SUMIFS(TRECHOS_LONGOS!$P:$P, MONTH(TRECHOS_LONGOS!$F:$F), row()-1, TRECHOS_LONGOS!$H:$H, "AÉREO", TRECHOS_LONGOS!$Z:$Z, "<>0")} -> 0 | J11: =if( F11 = 0, 0, round( B11 / F11, 2)) -> 0 | K11: =if( G11 = 0, 0, round( (C11+D11+E11) / G11, 2)) -> 0 | L11: =if( H11 = 0, 0, round(B11 / H11, 2)) -> 0 | M11: =if( I11 = 0, 0, round( (C11+D11+E11) / I11, 2)) -> 0 | N11: {=IF( COUNTIFS(MONTH(TRECHOS_LONGOS!$F:$F), ROW()-1) = 0, 0, ROUND( COUNTIFS(MONTH(TRECHOS_LONGOS!$F:$F), ROW()-1, TRECHOS_LONGOS!$S:$S, "SIM") / COUNTIFS(MONTH(TRECHOS_LONGOS!$F:$F), ROW()-1), 4) )} -> 0 | O11: {=SUMIFS(TRECHOS_LONGOS!$Y:$Y, MONTH(TRECHOS_LONGOS!$F:$F), row()-1, TRECHOS_LONGOS!$H:$H, "AÉREO", TRECHOS_LONGOS!$G:$G, "<=5")} -> 0 | P11: {=COUNTIFS(MONTH(TRECHOS_LONGOS!$F:$F), row()-1, TRECHOS_LONGOS!$H:$H, "AÉREO", TRECHOS_LONGOS!$G:$G, "<=5")} -> 0 | Q11: =if($F11 = 0, 0, P11/$F11) -> 0 | R11: =if( P11 = 0, 0, round( O11 / P11, 2)) -> 0 | S11: {=SUMIFS(TRECHOS_LONGOS!$Y:$Y, MONTH(TRECHOS_LONGOS!$F:$F), row()-1, TRECHOS_LONGOS!$H:$H, "AÉREO", TRECHOS_LONGOS!$G:$G, ">5", TRECHOS_LONGOS!$G:$G, "<=15")} -> 0 | T11: {=COUNTIFS(MONTH(TRECHOS_LONGOS!$F:$F), row()-1, TRECHOS_LONGOS!$H:$H, "AÉREO", TRECHOS_LONGOS!$G:$G, ">5", TRECHOS_LONGOS!$G:$G, "<=15")} -> 0 | U11: =if($F11 = 0, 0, T11/$F11) -> 0 | V11: =if( T11 = 0, 0, round(S11 / T11, 2)) -> 0 | W11: {=SUMIFS(TRECHOS_LONGOS!$Y:$Y, MONTH(TRECHOS_LONGOS!$F:$F), row()-1, TRECHOS_LONGOS!$H:$H, "AÉREO", TRECHOS_LONGOS!$G:$G, ">=16")} -> 0 | X11: {=COUNTIFS(MONTH(TRECHOS_LONGOS!$F:$F), row()-1, TRECHOS_LONGOS!$H:$H, "AÉREO", TRECHOS_LONGOS!$G:$G, ">=16")} -> 0 | Y11: =if($F11 = 0, 0, X11/$F11) -> 0 | Z11: =if( X11 = 0, 0, round( W11 / X11, 2)) -> 0 | AA11: {=SUMIFS(TRECHOS_LONGOS!$Y:$Y, MONTH(TRECHOS_LONGOS!$F:$F), row()-1, TRECHOS_LONGOS!$H:$H, "TERRESTRE")} -> 0 | AB11: {=COUNTIFS(MONTH(TRECHOS_LONGOS!$F:$F), row()-1, TRECHOS_LONGOS!$H:$H, "TERRESTRE")} -> 0 | AC11: {=SUMIFS(TRECHOS_LONGOS!$P:$P, MONTH(TRECHOS_LONGOS!$F:$F), row()-1, TRECHOS_LONGOS!$H:$H, "TERRESTRE")} -> 0 | AD11: =if( AB11 = 0, 0, round( AA11 / AB11, 2)) -> 0 | AE11: =if( AC11 = 0, 0, round( AA11 / AC11, 2)) -> 0 | AF11: {=SUMIF(MONTH(HOSPEDAGEM!$E:$E), ROW()-1,HOSPEDAGEM!$J:$J)} -> 0 | AG11: {=SUMIF(MONTH(HOSPEDAGEM!$E:$E), ROW()-1,HOSPEDAGEM!$G:$G)} -> 0 | AH11: =IF( AG11 = 0, 0, ROUND( AF11 / AG11, 2 ) ) -> 0 | AI11: {=SUMIF(MONTH(DADOS_POR_VIAGEM!$B:$B), ROW()-1, DADOS_POR_VIAGEM!$H:$H)} -> 0 | AJ11: {=if(row() >= 13, 0, COUNTIF(MONTH(DADOS_POR_VIAGEM!$B:$B), ROW()-1))} -> 0 | AK11: =IF( AJ11 = 0, 0, ROUND( AI11 / AJ11, 2 ) ) -> 0
A12: 46327 | B12: {=SUMIFS(TRECHOS_LONGOS!$Y:$Y, MONTH(TRECHOS_LONGOS!$F:$F), row()-1, TRECHOS_LONGOS!$H:$H, "AÉREO")} -> 0 | C12: {=SUMIFS(TRECHOS_LONGOS!$Z:$Z, MONTH(TRECHOS_LONGOS!$F:$F), row()-1, TRECHOS_LONGOS!$H:$H, "AÉREO", TRECHOS_LONGOS!$O:$O, "AZUL")} -> 0 | D12: {=SUMIFS(TRECHOS_LONGOS!$Z:$Z, MONTH(TRECHOS_LONGOS!$F:$F), row()-1, TRECHOS_LONGOS!$H:$H, "AÉREO", TRECHOS_LONGOS!$O:$O, "GOL")} -> 0 | E12: {=SUMIFS(TRECHOS_LONGOS!$Z:$Z, MONTH(TRECHOS_LONGOS!$F:$F), row()-1, TRECHOS_LONGOS!$H:$H, "AÉREO", TRECHOS_LONGOS!$O:$O, "LATAM")} -> 0 | F12: {=COUNTIFS(MONTH(TRECHOS_LONGOS!$F:$F), row()-1, TRECHOS_LONGOS!$H:$H, "AÉREO")} -> 0 | G12: {=COUNTIFS(MONTH(TRECHOS_LONGOS!$F:$F), row()-1, TRECHOS_LONGOS!$H:$H, "AÉREO", TRECHOS_LONGOS!Z:Z, "<>0")} -> 0 | H12: {=SUMIFS(TRECHOS_LONGOS!$P:$P, MONTH(TRECHOS_LONGOS!$F:$F), row()-1, TRECHOS_LONGOS!$H:$H, "AÉREO")} -> 0 | I12: {=SUMIFS(TRECHOS_LONGOS!$P:$P, MONTH(TRECHOS_LONGOS!$F:$F), row()-1, TRECHOS_LONGOS!$H:$H, "AÉREO", TRECHOS_LONGOS!$Z:$Z, "<>0")} -> 0 | J12: =if( F12 = 0, 0, round( B12 / F12, 2)) -> 0 | K12: =if( G12 = 0, 0, round( (C12+D12+E12) / G12, 2)) -> 0 | L12: =if( H12 = 0, 0, round(B12 / H12, 2)) -> 0 | M12: =if( I12 = 0, 0, round( (C12+D12+E12) / I12, 2)) -> 0 | N12: {=IF( COUNTIFS(MONTH(TRECHOS_LONGOS!$F:$F), ROW()-1) = 0, 0, ROUND( COUNTIFS(MONTH(TRECHOS_LONGOS!$F:$F), ROW()-1, TRECHOS_LONGOS!$S:$S, "SIM") / COUNTIFS(MONTH(TRECHOS_LONGOS!$F:$F), ROW()-1), 4) )} -> 0 | O12: {=SUMIFS(TRECHOS_LONGOS!$Y:$Y, MONTH(TRECHOS_LONGOS!$F:$F), row()-1, TRECHOS_LONGOS!$H:$H, "AÉREO", TRECHOS_LONGOS!$G:$G, "<=5")} -> 0 | P12: {=COUNTIFS(MONTH(TRECHOS_LONGOS!$F:$F), row()-1, TRECHOS_LONGOS!$H:$H, "AÉREO", TRECHOS_LONGOS!$G:$G, "<=5")} -> 0 | Q12: =if($F12 = 0, 0, P12/$F12) -> 0 | R12: =if( P12 = 0, 0, round( O12 / P12, 2)) -> 0 | S12: {=SUMIFS(TRECHOS_LONGOS!$Y:$Y, MONTH(TRECHOS_LONGOS!$F:$F), row()-1, TRECHOS_LONGOS!$H:$H, "AÉREO", TRECHOS_LONGOS!$G:$G, ">5", TRECHOS_LONGOS!$G:$G, "<=15")} -> 0 | T12: {=COUNTIFS(MONTH(TRECHOS_LONGOS!$F:$F), row()-1, TRECHOS_LONGOS!$H:$H, "AÉREO", TRECHOS_LONGOS!$G:$G, ">5", TRECHOS_LONGOS!$G:$G, "<=15")} -> 0 | U12: =if($F12 = 0, 0, T12/$F12) -> 0 | V12: =if( T12 = 0, 0, round(S12 / T12, 2)) -> 0 | W12: {=SUMIFS(TRECHOS_LONGOS!$Y:$Y, MONTH(TRECHOS_LONGOS!$F:$F), row()-1, TRECHOS_LONGOS!$H:$H, "AÉREO", TRECHOS_LONGOS!$G:$G, ">=16")} -> 0 | X12: {=COUNTIFS(MONTH(TRECHOS_LONGOS!$F:$F), row()-1, TRECHOS_LONGOS!$H:$H, "AÉREO", TRECHOS_LONGOS!$G:$G, ">=16")} -> 0 | Y12: =if($F12 = 0, 0, X12/$F12) -> 0 | Z12: =if( X12 = 0, 0, round( W12 / X12, 2)) -> 0 | AA12: {=SUMIFS(TRECHOS_LONGOS!$Y:$Y, MONTH(TRECHOS_LONGOS!$F:$F), row()-1, TRECHOS_LONGOS!$H:$H, "TERRESTRE")} -> 0 | AB12: {=COUNTIFS(MONTH(TRECHOS_LONGOS!$F:$F), row()-1, TRECHOS_LONGOS!$H:$H, "TERRESTRE")} -> 0 | AC12: {=SUMIFS(TRECHOS_LONGOS!$P:$P, MONTH(TRECHOS_LONGOS!$F:$F), row()-1, TRECHOS_LONGOS!$H:$H, "TERRESTRE")} -> 0 | AD12: =if( AB12 = 0, 0, round( AA12 / AB12, 2)) -> 0 | AE12: =if( AC12 = 0, 0, round( AA12 / AC12, 2)) -> 0 | AF12: {=SUMIF(MONTH(HOSPEDAGEM!$E:$E), ROW()-1,HOSPEDAGEM!$J:$J)} -> 0 | AG12: {=SUMIF(MONTH(HOSPEDAGEM!$E:$E), ROW()-1,HOSPEDAGEM!$G:$G)} -> 0 | AH12: =IF( AG12 = 0, 0, ROUND( AF12 / AG12, 2 ) ) -> 0 | AI12: {=SUMIF(MONTH(DADOS_POR_VIAGEM!$B:$B), ROW()-1, DADOS_POR_VIAGEM!$H:$H)} -> 0 | AJ12: {=if(row() >= 13, 0, COUNTIF(MONTH(DADOS_POR_VIAGEM!$B:$B), ROW()-1))} -> 0 | AK12: =IF( AJ12 = 0, 0, ROUND( AI12 / AJ12, 2 ) ) -> 0
